case_id,EGFR,KRAS,TP53,STK11,KEAP1,MET,BRAF,ROS1,ALK,NF1,RBM10,TMB,mutation_count,physiotype
TCGA-05-4244,0,1,0,0,0,0,0,0,0,0,0,6.1,183.0,2
TCGA-05-4245,0,0,0,0,0,0,0,0,0,0,0,,,3
TCGA-05-4249,0,1,0,0,0,0,1,0,0,0,0,9.133333333333333,274.0,1
TCGA-05-4250,0,1,0,0,0,0,0,0,0,0,0,9.9,297.0,1
TCGA-05-4382,1,0,1,0,0,0,1,1,0,0,0,46.8,1405.0,2
TCGA-05-4384,0,0,0,0,1,0,0,0,0,0,0,3.4,102.0,1
TCGA-05-4389,0,0,0,0,1,0,1,0,0,0,0,5.966666666666667,179.0,1
TCGA-05-4390,0,1,0,0,0,0,0,0,0,0,0,15.2,456.0,1
TCGA-05-4395,0,1,1,1,1,0,0,0,0,0,1,6.766666666666667,203.0,2
TCGA-05-4396,0,0,1,0,0,0,0,0,0,0,0,6.8,204.0,1
TCGA-05-4397,0,0,1,0,0,0,0,0,1,0,0,23.3,701.0,2
TCGA-05-4398,0,0,1,0,0,0,0,0,0,0,0,18.766666666666666,563.0,2
TCGA-05-4402,1,0,1,0,0,0,0,0,0,0,0,3.3,100.0,1
TCGA-05-4403,0,0,0,0,0,1,0,0,0,0,1,3.7,111.0,1
TCGA-05-4405,0,0,1,0,0,0,0,0,0,0,0,9.7,292.0,1
TCGA-05-4410,1,0,1,0,0,0,1,0,1,0,0,28.8,866.0,1
TCGA-05-4415,0,1,1,1,0,0,0,0,0,0,0,5.366666666666666,161.0,2
TCGA-05-4417,0,1,0,1,0,0,0,0,0,0,0,8.4,252.0,1
TCGA-05-4418,0,1,0,0,1,0,0,0,0,0,1,7.533333333333333,226.0,1
TCGA-05-4420,0,0,1,0,0,0,0,0,0,0,0,7.566666666666666,227.0,1
TCGA-05-4422,0,0,0,1,0,0,0,0,0,0,0,1.1333333333333333,34.0,1
TCGA-05-4424,0,0,1,0,0,0,0,0,0,1,1,18.333333333333332,552.0,1
TCGA-05-4425,1,0,0,0,0,0,0,0,0,0,0,1.0666666666666667,32.0,1
TCGA-05-4426,0,0,0,0,0,0,0,0,0,0,0,1.3333333333333333,40.0,2
TCGA-05-4427,0,1,1,0,0,0,0,0,0,0,0,28.266666666666666,848.0,2
TCGA-05-4430,0,0,1,0,0,0,0,0,0,0,0,7.233333333333333,217.0,1
TCGA-05-4432,0,0,1,0,0,0,0,0,1,0,0,15.233333333333333,458.0,1
TCGA-05-4433,0,1,1,0,0,0,0,0,0,0,0,1.0333333333333334,31.0,1
TCGA-05-4434,0,0,0,0,0,0,0,0,0,0,0,1.1666666666666667,35.0,1
TCGA-05-5420,0,0,0,0,0,0,0,0,0,0,0,2.066666666666667,62.0,2
TCGA-05-5423,1,0,1,0,0,0,0,0,0,0,0,4.1,125.0,1
TCGA-05-5425,0,0,1,0,0,0,0,0,0,0,0,14.933333333333334,449.0,1
TCGA-05-5428,0,0,1,0,0,0,1,0,0,0,0,10.0,300.0,2
TCGA-05-5429,0,0,0,0,0,0,0,0,0,0,0,0.9,27.0,2
TCGA-05-5715,0,0,0,0,0,0,0,0,0,0,0,3.1,93.0,1
TCGA-35-3615,0,0,0,0,0,0,0,0,0,0,0,,,1
TCGA-35-4122,0,0,1,0,0,0,0,0,0,0,0,8.266666666666667,250.0,1
TCGA-35-4123,0,0,1,0,0,0,0,0,0,0,0,7.4,222.0,2
TCGA-35-5375,0,0,1,0,1,0,0,0,0,0,0,11.766666666666667,353.0,2
TCGA-38-4625,0,0,0,0,0,0,0,0,0,0,0,15.766666666666667,476.0,2
TCGA-38-4626,0,0,0,0,0,0,0,0,1,0,0,5.666666666666667,170.0,1
TCGA-38-4627,1,0,0,0,0,0,0,0,0,0,0,0.8333333333333334,25.0,1
TCGA-38-4628,1,0,0,0,0,0,0,0,0,0,0,3.433333333333333,103.0,2
TCGA-38-4629,1,0,1,0,0,0,0,0,0,1,0,7.433333333333334,224.0,2
TCGA-38-4630,0,0,1,0,0,0,0,0,0,0,0,3.2,96.0,3
TCGA-38-4631,0,0,0,0,1,0,0,0,0,1,0,19.933333333333334,600.0,3
TCGA-38-4632,0,0,1,0,0,0,0,0,0,0,0,14.3,429.0,1
TCGA-38-6178,1,0,1,0,0,0,0,0,0,0,0,1.4333333333333333,43.0,1
TCGA-38-7271,0,0,0,0,0,0,0,0,0,0,0,1.4666666666666666,44.0,1
TCGA-38-A44F,0,0,0,0,0,0,0,0,0,0,0,0.26666666666666666,8.0,1
TCGA-44-2655,0,0,0,0,1,0,0,0,0,0,1,9.5,160.0,1
TCGA-44-2656,0,0,1,0,0,0,1,0,1,0,0,112.36666666666666,810.0,2
TCGA-44-2657,0,0,0,0,0,1,0,0,0,1,0,10.8,325.0,1
TCGA-44-2659,0,0,0,0,0,0,0,0,0,0,0,,,3
TCGA-44-2661,1,0,0,0,0,0,0,0,0,0,0,0.9333333333333333,28.0,1
TCGA-44-2662,0,0,1,0,0,0,1,0,0,0,0,16.5,194.0,2
TCGA-44-2665,0,0,0,0,0,0,0,0,0,0,0,3.466666666666667,46.0,1
TCGA-44-2666,0,0,0,0,0,0,1,0,0,0,0,4.866666666666666,43.0,1
TCGA-44-2668,0,1,1,0,0,0,0,0,0,0,0,30.0,351.0,2
TCGA-44-3396,0,0,1,0,0,0,0,0,0,0,0,5.1,154.0,2
TCGA-44-3398,0,0,0,0,0,0,0,0,0,0,0,4.7,141.0,1
TCGA-44-3917,0,1,1,0,1,0,0,1,0,0,0,5.933333333333334,178.0,2
TCGA-44-3918,0,0,1,0,0,0,1,0,0,1,0,50.166666666666664,853.0,1
TCGA-44-3919,0,0,0,0,0,0,0,0,0,0,0,2.033333333333333,37.0,1
TCGA-44-4112,0,0,0,0,0,0,0,0,1,0,1,60.5,426.0,2
TCGA-44-5643,0,0,0,0,0,0,0,0,0,0,0,3.5,105.0,2
TCGA-44-5644,0,0,1,1,0,0,0,0,0,1,0,26.733333333333334,803.0,2
TCGA-44-5645,1,0,1,0,0,0,0,0,0,0,0,4.233333333333333,36.0,2
TCGA-44-6145,0,1,1,0,0,0,0,0,0,0,0,8.5,256.0,1
TCGA-44-6146,0,1,0,0,0,0,0,0,0,0,0,4.5,36.0,2
TCGA-44-6147,1,0,1,0,0,0,0,0,0,0,0,17.3,197.0,1
TCGA-44-6148,0,0,0,0,0,0,0,0,0,0,0,0.16666666666666666,5.0,1
TCGA-44-6774,0,0,1,0,0,0,1,0,0,0,0,7.8,234.0,1
TCGA-44-6775,0,0,1,0,0,1,0,0,0,1,0,6.566666666666666,71.0,1
TCGA-44-6776,0,1,0,1,1,0,0,0,0,0,0,5.333333333333333,160.0,1
TCGA-44-6777,0,0,1,0,0,0,0,0,1,0,0,9.6,289.0,2
TCGA-44-6778,0,0,1,0,1,0,0,0,0,0,0,10.233333333333333,307.0,1
TCGA-44-6779,0,0,1,0,1,0,0,0,0,0,0,2.566666666666667,77.0,3
TCGA-44-7659,0,0,0,0,0,0,0,0,0,0,1,4.0,120.0,1
TCGA-44-7660,0,0,1,0,1,0,0,0,0,0,0,9.2,276.0,2
TCGA-44-7661,0,1,1,0,0,0,0,0,0,0,1,6.866666666666666,206.0,1
TCGA-44-7662,0,0,1,0,0,0,0,0,0,0,0,15.8,474.0,2
TCGA-44-7667,0,0,0,0,1,0,0,0,0,1,0,12.366666666666667,371.0,2
TCGA-44-7669,0,0,1,1,1,0,0,0,0,0,0,12.866666666666667,387.0,1
TCGA-44-7670,0,0,1,0,0,0,0,1,0,0,0,30.133333333333333,905.0,1
TCGA-44-7671,0,1,0,1,1,1,0,0,0,0,0,6.3,189.0,1
TCGA-44-7672,0,1,0,0,0,0,0,0,0,0,0,4.066666666666666,122.0,1
TCGA-44-8117,0,1,1,0,0,0,0,0,0,0,1,21.133333333333333,634.0,2
TCGA-44-8119,0,0,0,0,0,0,0,1,0,1,0,17.533333333333335,526.0,1
TCGA-44-8120,0,0,1,1,0,0,0,0,0,0,0,16.6,498.0,1
TCGA-44-A479,0,0,1,0,0,0,0,0,0,0,0,8.033333333333333,241.0,1
TCGA-44-A47A,0,1,0,0,0,0,0,0,0,0,1,6.033333333333333,181.0,1
TCGA-44-A47B,0,0,0,0,0,0,0,0,0,0,0,1.3,39.0,1
TCGA-44-A47G,0,0,1,0,0,1,0,0,0,0,0,1.9,57.0,1
TCGA-44-A4SS,0,0,1,0,1,0,0,0,0,0,0,12.633333333333333,379.0,2
TCGA-44-A4SU,1,0,1,0,0,0,0,0,0,0,0,3.7666666666666666,113.0,1
TCGA-49-4486,0,0,0,0,1,0,0,0,0,0,0,3.466666666666667,105.0,2
TCGA-49-4487,0,0,1,1,0,0,0,0,0,0,0,9.133333333333333,275.0,1
TCGA-49-4488,0,0,1,0,1,0,0,0,0,1,0,7.866666666666666,237.0,1
TCGA-49-4490,1,0,1,0,0,0,0,0,0,0,0,1.0333333333333334,31.0,1
TCGA-49-4494,1,0,0,0,0,0,0,0,0,0,1,4.966666666666667,149.0,1
TCGA-49-4501,1,0,0,0,0,0,0,0,0,0,0,1.1,33.0,1
TCGA-49-4505,0,1,1,0,0,0,0,0,0,0,0,5.533333333333333,166.0,1
TCGA-49-4506,0,0,0,0,1,0,0,0,0,0,0,3.1,93.0,2
TCGA-49-4507,0,0,0,1,1,0,0,0,0,0,0,5.466666666666667,164.0,2
TCGA-49-4510,0,1,0,0,0,0,0,0,0,0,0,1.3,40.0,1
TCGA-49-4512,0,0,0,0,0,0,0,0,0,0,0,1.1333333333333333,34.0,2
TCGA-49-4514,0,0,1,0,1,0,0,0,0,0,0,8.266666666666667,249.0,1
TCGA-49-6742,0,0,0,0,1,0,0,0,0,0,0,6.866666666666666,207.0,2
TCGA-49-6743,0,0,0,0,1,0,0,0,0,0,0,19.466666666666665,584.0,1
TCGA-49-6744,0,0,0,0,0,0,0,0,0,0,0,5.566666666666666,167.0,1
TCGA-49-6745,0,0,0,0,0,1,0,0,0,0,0,3.3333333333333335,100.0,1
TCGA-49-6761,0,0,0,0,0,1,0,0,0,0,0,4.733333333333333,142.0,2
TCGA-49-6767,0,0,1,0,0,0,0,1,0,1,0,12.3,371.0,3
TCGA-49-AAQV,0,0,1,0,0,0,0,0,0,0,0,1.8,54.0,1
TCGA-49-AAR0,0,0,1,1,1,0,0,0,0,0,0,3.4,102.0,1
TCGA-49-AAR2,0,0,0,0,1,0,0,0,0,0,0,10.966666666666667,330.0,1
TCGA-49-AAR3,0,0,1,0,1,0,0,0,0,1,0,3.1666666666666665,95.0,2
TCGA-49-AAR4,0,0,1,0,0,0,0,1,0,1,0,14.933333333333334,453.0,1
TCGA-49-AAR9,0,0,1,0,1,0,0,0,0,0,0,17.666666666666668,530.0,3
TCGA-49-AARE,0,0,1,0,1,0,0,1,0,0,0,33.43333333333333,1004.0,1
TCGA-49-AARN,0,0,1,0,0,0,0,0,0,0,0,21.033333333333335,632.0,1
TCGA-49-AARO,0,1,0,0,0,0,0,0,0,1,0,16.066666666666666,482.0,1
TCGA-49-AARQ,0,1,1,0,0,0,0,0,0,0,0,19.766666666666666,593.0,3
TCGA-49-AARR,0,0,0,0,0,0,0,0,0,0,0,0.03333333333333333,1.0,1
TCGA-4B-A93V,0,1,1,1,1,0,0,0,0,0,0,3.8333333333333335,115.0,3
TCGA-50-5044,0,0,0,0,0,0,1,0,0,0,0,2.9,88.0,1
TCGA-50-5045,0,0,1,0,0,0,0,0,0,1,0,7.8,235.0,1
TCGA-50-5049,0,0,1,0,0,0,0,0,0,0,0,20.9,628.0,2
TCGA-50-5051,0,1,0,0,1,0,0,0,0,0,0,2.933333333333333,88.0,1
TCGA-50-5055,0,0,0,0,0,0,0,0,0,0,0,0.3333333333333333,10.0,1
TCGA-50-5066,1,0,1,0,1,0,0,0,0,0,0,10.133333333333333,304.0,1
TCGA-50-5068,0,0,0,0,0,0,0,0,0,1,0,2.4,72.0,1
TCGA-50-5072,0,0,0,0,0,0,0,0,0,1,0,4.466666666666667,134.0,1
TCGA-50-5930,0,0,0,0,0,1,1,0,1,0,0,29.9,900.0,1
TCGA-50-5931,0,0,1,0,0,0,0,0,0,0,0,8.366666666666667,251.0,2
TCGA-50-5932,0,1,0,0,0,0,0,0,0,0,0,2.2666666666666666,68.0,1
TCGA-50-5933,0,0,1,0,0,1,0,0,0,0,0,13.3,400.0,3
TCGA-50-5935,1,0,0,0,0,0,0,0,0,0,0,2.433333333333333,73.0,1
TCGA-50-5936,0,0,0,0,1,0,0,0,0,0,0,3.2,96.0,1
TCGA-50-5939,0,0,1,0,1,0,0,0,0,0,0,1.9333333333333333,58.0,1
TCGA-50-5941,0,1,1,0,0,0,0,0,0,0,0,10.166666666666666,305.0,1
TCGA-50-5942,0,0,0,0,0,0,1,0,0,0,0,1.5,45.0,1
TCGA-50-5944,1,0,1,0,0,0,0,0,0,0,0,1.5666666666666667,47.0,2
TCGA-50-5946,0,0,1,0,0,0,1,0,1,1,0,18.133333333333333,545.0,1
TCGA-50-6590,0,0,1,0,0,0,0,0,0,0,0,23.5,705.0,3
TCGA-50-6591,1,0,1,0,0,0,0,0,0,0,0,1.4,42.0,3
TCGA-50-6592,0,0,1,0,0,0,0,0,0,0,0,8.033333333333333,242.0,2
TCGA-50-6593,0,0,1,0,0,0,0,0,0,1,0,8.266666666666667,248.0,1
TCGA-50-6594,0,0,1,0,0,0,1,0,0,0,0,15.1,453.0,3
TCGA-50-6595,1,0,0,0,0,0,0,0,0,0,0,2.2,66.0,2
TCGA-50-6597,0,0,0,0,0,1,0,0,0,0,0,1.2666666666666666,38.0,2
TCGA-50-6673,1,0,1,0,0,0,0,0,0,0,0,1.5333333333333334,46.0,1
TCGA-50-7109,0,0,0,0,0,0,0,0,0,0,0,6.633333333333334,200.0,1
TCGA-50-8457,0,0,0,0,0,0,0,0,0,1,0,1.5666666666666667,47.0,2
TCGA-50-8459,0,1,0,0,0,0,0,0,0,0,0,2.066666666666667,62.0,1
TCGA-50-8460,0,0,1,0,0,0,0,0,0,0,0,0.9,27.0,1
TCGA-53-7624,0,0,1,0,1,0,0,0,0,0,0,21.833333333333332,655.0,3
TCGA-53-7626,0,0,1,0,0,0,0,0,0,0,0,9.566666666666666,288.0,1
TCGA-53-7813,0,1,0,1,0,0,0,0,0,0,0,4.366666666666666,132.0,1
TCGA-53-A4EZ,0,0,1,0,1,0,1,0,0,0,0,13.666666666666666,411.0,3
TCGA-55-1592,0,0,1,0,0,0,0,0,1,1,0,27.766666666666666,459.0,1
TCGA-55-1594,0,0,1,0,0,0,0,0,0,0,0,8.066666666666666,136.0,1
TCGA-55-1595,0,1,0,0,0,0,0,0,0,0,0,8.266666666666667,248.0,1
TCGA-55-1596,0,0,1,1,0,0,0,0,0,0,0,10.7,178.0,1
TCGA-55-5899,0,0,1,0,1,0,0,0,0,0,0,11.733333333333333,354.0,3
TCGA-55-6543,0,0,0,0,0,0,0,0,0,0,0,0.6333333333333333,19.0,1
TCGA-55-6642,0,1,0,0,0,0,0,0,0,0,0,3.2666666666666666,99.0,2
TCGA-55-6712,0,0,1,0,0,1,0,0,0,0,0,3.3333333333333335,100.0,1
TCGA-55-6968,0,0,1,0,0,0,1,0,0,0,0,13.033333333333333,392.0,3
TCGA-55-6969,0,0,1,0,0,0,0,0,0,0,0,10.766666666666667,323.0,3
TCGA-55-6970,0,1,0,1,1,0,0,0,0,0,0,4.866666666666666,146.0,1
TCGA-55-6971,0,0,0,0,0,0,0,0,0,1,0,2.3333333333333335,70.0,1
TCGA-55-6972,0,0,0,0,1,0,0,0,0,0,0,7.133333333333334,215.0,3
TCGA-55-6975,0,1,1,0,0,0,0,0,0,0,0,2.0,60.0,2
TCGA-55-6978,0,0,0,0,0,0,0,0,0,0,0,0.7666666666666667,23.0,2
TCGA-55-6979,0,0,0,0,0,0,0,0,0,0,0,3.0,90.0,1
TCGA-55-6980,1,0,1,0,0,0,0,0,0,0,0,0.3,9.0,1
TCGA-55-6981,1,0,1,0,0,0,0,0,0,0,0,1.5,45.0,1
TCGA-55-6982,0,0,0,0,0,1,0,0,0,0,0,5.566666666666666,167.0,1
TCGA-55-6983,0,1,0,0,0,0,0,0,0,0,1,3.0,90.0,1
TCGA-55-6984,0,1,0,0,0,0,0,0,0,0,0,0.5333333333333333,16.0,1
TCGA-55-6985,0,0,1,0,0,0,0,0,0,0,0,11.733333333333333,352.0,1
TCGA-55-6986,0,0,0,0,0,0,0,0,0,0,0,0.5,15.0,1
TCGA-55-6987,0,0,0,0,1,0,0,0,0,0,0,4.7,141.0,1
TCGA-55-7227,0,0,1,0,0,0,0,0,0,0,0,4.366666666666666,131.0,1
TCGA-55-7281,0,1,0,0,0,0,0,0,0,0,1,12.433333333333334,374.0,2
TCGA-55-7283,0,1,1,0,0,0,0,0,0,0,0,5.866666666666666,176.0,1
TCGA-55-7284,0,1,0,0,0,0,0,0,0,0,0,1.0,30.0,1
TCGA-55-7570,1,0,1,0,0,0,0,0,0,0,0,10.6,318.0,1
TCGA-55-7573,0,0,1,0,0,0,0,0,0,0,0,1.4,42.0,1
TCGA-55-7574,0,0,1,0,0,0,0,0,0,0,0,6.166666666666667,185.0,1
TCGA-55-7576,0,1,1,0,0,0,0,0,0,0,0,10.0,301.0,1
TCGA-55-7724,0,0,0,0,0,0,0,0,0,0,0,5.6,168.0,1
TCGA-55-7725,0,1,0,0,0,0,0,0,0,0,0,3.8,114.0,2
TCGA-55-7726,0,1,1,0,0,0,0,0,0,0,0,3.033333333333333,91.0,2
TCGA-55-7727,0,0,1,0,0,0,0,0,0,0,1,6.6,199.0,1
TCGA-55-7728,0,1,0,0,0,0,0,0,1,0,0,2.4,73.0,1
TCGA-55-7815,0,1,0,0,1,0,0,0,0,0,1,3.8666666666666667,116.0,2
TCGA-55-7816,0,0,0,0,0,0,0,0,0,0,0,,,2
TCGA-55-7903,0,0,1,0,0,0,1,0,0,0,0,4.233333333333333,128.0,2
TCGA-55-7907,0,1,1,0,0,0,0,0,0,1,0,32.166666666666664,966.0,1
TCGA-55-7910,0,1,1,0,0,0,0,0,0,0,0,8.6,258.0,1
TCGA-55-7911,0,1,1,0,0,0,0,0,0,0,0,6.266666666666667,188.0,1
TCGA-55-7913,0,0,1,1,0,0,1,0,0,0,0,9.1,273.0,1
TCGA-55-7914,0,1,1,0,0,0,0,0,0,0,0,4.833333333333333,145.0,2
TCGA-55-7994,0,0,1,0,0,0,0,0,1,1,0,42.46666666666667,1276.0,2
TCGA-55-7995,0,0,1,0,1,0,0,1,1,1,0,18.333333333333332,550.0,2
TCGA-55-8085,0,0,1,0,1,0,0,0,0,0,0,7.0,211.0,1
TCGA-55-8087,1,0,0,0,0,0,0,0,0,0,0,0.7666666666666667,23.0,2
TCGA-55-8089,0,0,1,0,0,0,0,1,1,0,0,32.86666666666667,986.0,1
TCGA-55-8090,0,1,0,0,0,0,0,0,0,0,1,2.433333333333333,73.0,1
TCGA-55-8091,0,0,0,0,0,0,0,0,0,0,0,0.6333333333333333,20.0,1
TCGA-55-8092,0,0,1,1,0,0,1,0,0,0,0,14.933333333333334,448.0,2
TCGA-55-8094,0,1,1,0,1,0,0,0,0,0,0,12.1,364.0,2
TCGA-55-8096,1,0,1,0,0,0,0,0,0,0,0,3.9,117.0,1
TCGA-55-8097,0,1,0,0,0,0,0,0,0,0,0,2.9,87.0,1
TCGA-55-8203,0,1,0,1,0,0,0,0,0,0,0,11.633333333333333,349.0,1
TCGA-55-8204,0,0,1,0,0,0,0,0,0,1,0,5.766666666666667,173.0,1
TCGA-55-8205,0,0,1,0,0,0,0,0,1,1,1,14.366666666666667,432.0,2
TCGA-55-8206,1,0,0,0,0,0,0,0,0,0,0,0.7,21.0,1
TCGA-55-8207,0,1,0,0,0,0,0,0,0,0,0,8.6,258.0,2
TCGA-55-8208,0,0,1,0,0,0,0,0,0,0,0,8.466666666666667,254.0,1
TCGA-55-8299,0,0,0,1,0,0,0,0,0,0,0,4.8,144.0,1
TCGA-55-8301,0,0,1,0,0,0,0,0,0,0,0,7.366666666666666,221.0,2
TCGA-55-8302,0,1,1,0,1,0,0,0,0,0,0,18.566666666666666,557.0,1
TCGA-55-8505,0,0,0,0,0,0,0,0,0,0,0,,,1
TCGA-55-8506,1,0,1,0,1,0,1,0,0,0,0,48.43333333333333,1457.0,2
TCGA-55-8507,0,0,1,1,0,0,0,0,0,0,0,27.2,816.0,1
TCGA-55-8508,0,1,0,1,0,0,0,0,0,0,0,5.0,150.0,1
TCGA-55-8510,0,0,1,0,1,0,0,0,0,0,0,8.233333333333333,247.0,1
TCGA-55-8511,0,0,1,0,0,0,1,0,0,0,0,14.833333333333334,445.0,1
TCGA-55-8512,0,1,0,0,0,0,0,0,0,0,0,1.0333333333333334,31.0,1
TCGA-55-8513,0,0,0,0,0,0,0,0,0,0,0,0.03333333333333333,1.0,1
TCGA-55-8514,0,1,1,0,0,0,0,0,0,0,0,7.966666666666667,240.0,2
TCGA-55-8614,0,0,1,0,0,0,0,0,0,0,0,6.133333333333334,184.0,1
TCGA-55-8615,0,1,0,1,0,0,0,0,0,0,0,2.8333333333333335,85.0,1
TCGA-55-8616,0,1,1,0,0,0,0,0,0,0,0,13.333333333333334,401.0,1
TCGA-55-8619,0,0,0,0,0,0,0,0,0,0,0,0.5,15.0,1
TCGA-55-8620,0,0,1,0,1,0,0,0,0,0,1,13.766666666666667,413.0,2
TCGA-55-8621,0,0,0,0,0,0,0,0,0,0,0,1.3333333333333333,40.0,1
TCGA-55-A48X,0,0,1,0,0,0,0,0,0,0,0,10.133333333333333,304.0,1
TCGA-55-A48Y,0,0,0,0,0,0,0,0,0,0,0,9.666666666666666,290.0,1
TCGA-55-A48Z,1,0,1,0,0,0,0,0,0,0,0,1.4,42.0,1
TCGA-55-A490,0,1,0,0,0,0,0,0,0,0,1,35.9,1078.0,2
TCGA-55-A491,0,0,1,0,0,0,0,0,0,0,1,10.066666666666666,302.0,2
TCGA-55-A492,0,0,0,1,1,0,0,0,0,0,0,7.366666666666666,221.0,2
TCGA-55-A493,0,0,1,0,0,0,0,0,0,0,0,6.533333333333333,196.0,2
TCGA-55-A494,0,1,0,0,0,0,0,0,0,0,0,6.366666666666666,192.0,3
TCGA-55-A4DF,0,0,0,0,1,0,0,0,0,0,0,20.666666666666668,620.0,1
TCGA-55-A4DG,0,0,1,0,0,0,0,0,0,1,0,18.966666666666665,571.0,1
TCGA-55-A57B,1,0,1,0,0,0,0,0,0,0,0,1.1666666666666667,35.0,2
TCGA-62-8394,1,0,0,0,0,0,0,0,0,0,0,3.1333333333333333,94.0,1
TCGA-62-8395,0,0,0,0,0,0,0,0,0,0,0,2.033333333333333,61.0,1
TCGA-62-8397,1,0,0,0,0,0,0,0,0,0,0,0.7666666666666667,23.0,2
TCGA-62-8398,0,1,0,0,1,0,0,0,0,0,0,2.1666666666666665,65.0,1
TCGA-62-8399,0,0,1,0,0,0,0,1,0,0,0,14.1,423.0,1
TCGA-62-8402,1,0,1,0,0,0,0,0,0,0,0,1.1666666666666667,35.0,2
TCGA-62-A46O,0,0,1,0,1,0,0,0,0,0,0,24.633333333333333,742.0,2
TCGA-62-A46P,0,0,0,1,0,0,0,0,0,0,0,7.433333333333334,223.0,1
TCGA-62-A46R,0,1,1,0,0,0,0,0,0,0,0,4.933333333333334,149.0,2
TCGA-62-A46S,0,1,0,1,0,0,0,0,0,1,0,3.2,96.0,1
TCGA-62-A46U,1,0,1,0,0,0,0,0,0,0,0,1.1333333333333333,34.0,1
TCGA-62-A46V,0,0,0,0,0,0,1,0,0,0,0,1.6,48.0,3
TCGA-62-A46Y,0,0,1,0,0,0,0,0,0,0,0,1.0666666666666667,32.0,1
TCGA-62-A470,0,0,0,1,1,0,0,0,0,0,0,3.3333333333333335,100.0,1
TCGA-62-A471,0,0,1,1,0,0,0,0,0,0,0,2.8,84.0,2
TCGA-62-A472,0,0,1,0,0,0,1,0,0,0,0,1.5333333333333334,46.0,1
TCGA-64-1676,0,0,1,0,0,0,0,0,0,0,1,32.0,513.0,2
TCGA-64-1677,0,0,1,0,0,0,0,0,0,0,0,5.366666666666666,161.0,1
TCGA-64-1678,0,0,1,0,0,0,0,0,0,0,0,11.633333333333333,349.0,2
TCGA-64-1679,0,0,1,0,0,0,0,1,0,1,0,13.933333333333334,419.0,1
TCGA-64-1680,0,0,0,0,0,0,0,0,0,0,0,2.6666666666666665,50.0,1
TCGA-64-1681,1,0,1,0,0,0,0,0,0,0,0,1.8666666666666667,56.0,1
TCGA-64-5774,0,1,0,1,0,0,0,0,0,0,0,3.7333333333333334,112.0,1
TCGA-64-5775,0,1,0,0,0,0,0,0,0,0,1,13.466666666666667,405.0,3
TCGA-64-5778,0,1,1,0,0,0,0,0,0,0,0,13.166666666666666,395.0,1
TCGA-64-5779,0,0,0,0,0,0,0,0,0,0,0,10.066666666666666,303.0,2
TCGA-64-5781,0,0,0,0,1,1,0,0,1,0,0,30.133333333333333,904.0,2
TCGA-64-5815,0,1,0,0,0,0,0,0,0,0,0,4.633333333333334,139.0,1
TCGA-67-3770,1,0,1,0,0,0,0,0,0,0,1,11.7,193.0,2
TCGA-67-3771,0,0,1,0,1,0,0,0,0,0,0,59.86666666666667,1023.0,1
TCGA-67-3772,0,0,0,0,0,0,0,0,0,0,0,,,1
TCGA-67-3773,0,1,0,0,0,0,0,0,0,0,0,2.8333333333333335,85.0,2
TCGA-67-3774,0,1,0,0,1,0,0,0,0,0,0,5.233333333333333,90.0,1
TCGA-67-4679,0,1,0,0,0,0,0,0,0,0,0,7.666666666666667,230.0,2
TCGA-67-6215,0,0,0,0,0,0,0,0,0,0,0,2.9,87.0,2
TCGA-67-6216,0,0,0,0,0,0,0,0,0,0,0,0.8333333333333334,25.0,1
TCGA-67-6217,1,0,0,0,0,0,0,0,0,0,0,5.133333333333334,154.0,1
TCGA-69-7760,1,0,1,0,0,0,0,0,0,0,0,1.8,54.0,3
TCGA-69-7761,0,0,0,0,0,0,0,0,0,0,0,0.9,27.0,2
TCGA-69-7763,0,0,0,1,0,0,0,0,0,0,0,1.7,51.0,1
TCGA-69-7764,0,0,0,0,0,0,0,0,0,1,0,2.2333333333333334,67.0,1
TCGA-69-7765,1,0,1,0,0,0,1,0,0,1,0,15.933333333333334,478.0,1
TCGA-69-7973,0,1,0,0,0,0,0,0,0,0,0,7.1,213.0,1
TCGA-69-7974,0,1,1,0,0,0,0,0,0,0,0,14.033333333333333,421.0,1
TCGA-69-7978,0,1,1,0,0,0,0,0,0,0,0,14.866666666666667,446.0,1
TCGA-69-7979,0,0,1,0,0,0,0,0,0,1,0,40.766666666666666,1226.0,1
TCGA-69-7980,0,1,1,0,0,0,0,0,0,0,0,22.366666666666667,675.0,1
TCGA-69-8253,0,1,0,0,1,0,0,0,0,0,0,4.0,121.0,1
TCGA-69-8254,0,1,0,0,0,0,0,0,0,0,1,2.1666666666666665,65.0,1
TCGA-69-8255,0,0,1,0,0,0,0,0,0,0,0,8.166666666666666,245.0,2
TCGA-69-8453,0,0,0,0,0,0,0,0,0,0,0,,,1
TCGA-69-A59K,0,0,0,0,0,0,0,0,0,0,0,12.666666666666666,380.0,2
TCGA-71-6725,1,0,1,0,0,0,0,0,0,0,0,1.3666666666666667,41.0,3
TCGA-71-8520,1,0,1,0,0,0,0,0,0,0,0,2.3666666666666667,71.0,1
TCGA-73-4658,0,0,0,0,0,0,0,0,0,1,0,8.7,262.0,1
TCGA-73-4659,0,0,0,1,0,0,0,0,0,0,0,5.9,177.0,1
TCGA-73-4662,0,1,0,0,0,0,0,0,0,0,0,5.7,172.0,1
TCGA-73-4666,0,0,1,0,1,0,0,0,0,0,0,9.933333333333334,298.0,2
TCGA-73-4668,0,0,0,0,0,0,0,0,0,0,0,12.366666666666667,371.0,2
TCGA-73-4670,0,1,1,1,1,0,0,0,0,0,0,9.933333333333334,298.0,1
TCGA-73-4675,0,0,0,0,0,0,0,0,0,0,0,1.8666666666666667,56.0,2
TCGA-73-4676,0,0,1,0,0,0,0,0,0,1,0,2.6,78.0,2
TCGA-73-4677,0,1,0,1,1,0,0,0,0,0,0,7.0,210.0,1
TCGA-73-7498,0,1,0,1,1,0,0,0,0,0,1,2.966666666666667,89.0,1
TCGA-73-7499,0,0,1,0,0,0,0,0,0,0,0,1.8333333333333333,55.0,1
TCGA-73-A9RS,0,0,1,1,0,0,1,1,0,0,0,26.433333333333334,794.0,2
TCGA-75-5122,0,0,0,0,0,1,0,0,0,0,0,3.3,99.0,2
TCGA-75-5125,0,0,1,0,0,0,0,0,0,0,0,4.466666666666667,134.0,1
TCGA-75-5126,0,1,0,0,0,0,0,0,0,0,0,15.733333333333333,472.0,1
TCGA-75-5146,0,0,0,1,0,0,1,0,0,0,0,4.733333333333333,142.0,1
TCGA-75-5147,0,0,1,0,0,0,0,0,0,0,0,1.1333333333333333,34.0,1
TCGA-75-6203,0,0,0,0,0,0,0,0,0,0,0,0.3333333333333333,10.0,2
TCGA-75-6205,0,0,0,0,0,1,0,0,0,0,0,1.2666666666666666,38.0,2
TCGA-75-6206,0,1,0,0,1,0,0,0,0,0,0,2.5,75.0,2
TCGA-75-6207,1,0,1,0,0,0,0,0,0,0,0,1.5666666666666667,47.0,1
TCGA-75-6211,0,0,1,0,1,0,0,0,0,1,0,10.166666666666666,305.0,1
TCGA-75-6212,1,0,0,0,0,0,0,0,0,0,0,0.5333333333333333,16.0,2
TCGA-75-6214,0,0,1,0,0,0,0,0,0,0,1,19.0,571.0,3
TCGA-75-7025,1,0,0,0,0,0,0,0,0,0,0,0.7333333333333333,22.0,1
TCGA-75-7027,0,1,0,0,1,0,0,0,0,0,0,6.133333333333334,184.0,1
TCGA-75-7030,0,0,0,0,0,0,0,0,0,0,0,0.23333333333333334,7.0,1
TCGA-75-7031,0,0,1,1,0,0,0,0,0,0,0,5.3,159.0,1
TCGA-78-7143,0,0,0,0,0,0,0,0,0,0,0,,,2
TCGA-78-7145,0,1,1,0,0,0,0,0,0,0,0,5.0,150.0,1
TCGA-78-7146,0,0,1,0,1,0,0,0,0,1,0,9.6,288.0,3
TCGA-78-7147,1,0,1,0,0,0,0,0,0,0,0,9.0,270.0,2
TCGA-78-7148,0,1,0,1,0,0,0,0,0,0,1,5.933333333333334,179.0,1
TCGA-78-7149,0,0,0,0,1,0,0,0,0,0,0,3.7,111.0,1
TCGA-78-7150,0,0,1,0,0,0,0,1,0,0,0,10.9,327.0,2
TCGA-78-7152,0,0,0,1,0,0,0,0,0,0,0,5.2,156.0,1
TCGA-78-7153,0,0,0,1,1,0,1,0,0,0,0,2.933333333333333,88.0,1
TCGA-78-7154,0,0,1,0,1,0,0,0,1,0,0,5.9,179.0,1
TCGA-78-7155,1,0,1,0,0,0,0,0,0,0,0,42.266666666666666,1271.0,3
TCGA-78-7156,0,0,0,1,1,0,0,0,0,0,0,8.733333333333333,262.0,3
TCGA-78-7158,1,0,0,0,1,0,0,0,0,0,1,6.633333333333334,199.0,2
TCGA-78-7159,0,0,0,1,0,0,0,0,0,0,0,8.1,243.0,1
TCGA-78-7160,0,1,0,1,1,0,0,0,0,0,0,0.9333333333333333,28.0,1
TCGA-78-7161,0,1,0,0,0,0,0,0,0,0,0,4.833333333333333,146.0,1
TCGA-78-7162,0,0,0,0,1,0,0,0,0,0,0,2.2333333333333334,67.0,1
TCGA-78-7163,0,0,0,0,0,0,0,0,0,0,0,0.5,15.0,2
TCGA-78-7166,0,1,0,1,1,0,0,0,0,0,1,5.9,177.0,2
TCGA-78-7167,0,1,0,0,1,0,0,0,0,0,0,2.433333333333333,73.0,1
TCGA-78-7220,0,0,1,0,0,0,0,0,1,0,1,22.7,682.0,2
TCGA-78-7535,0,0,1,0,0,0,0,0,0,1,0,4.3,129.0,3
TCGA-78-7536,0,0,1,0,0,0,0,0,0,1,0,16.866666666666667,508.0,2
TCGA-78-7537,0,0,0,1,0,0,1,0,0,0,1,4.0,120.0,2
TCGA-78-7539,0,1,0,0,0,0,1,1,0,0,0,13.133333333333333,394.0,2
TCGA-78-7540,0,1,1,0,0,0,0,0,0,0,0,0.7333333333333333,22.0,2
TCGA-78-7542,0,0,1,0,0,0,0,0,0,1,0,9.633333333333333,289.0,1
TCGA-78-7633,0,0,0,0,1,0,1,0,0,0,0,2.7666666666666666,83.0,3
TCGA-78-8640,0,0,1,0,0,0,0,1,0,0,0,19.933333333333334,598.0,2
TCGA-78-8648,0,0,0,0,0,0,0,0,0,0,0,0.23333333333333334,7.0,2
TCGA-78-8655,0,1,0,0,0,0,0,0,0,0,0,3.033333333333333,91.0,1
TCGA-78-8660,0,0,1,0,0,0,1,0,0,0,0,6.533333333333333,196.0,1
TCGA-78-8662,0,0,1,0,0,0,1,0,0,0,0,31.133333333333333,938.0,3
TCGA-80-5607,0,0,0,0,0,0,1,0,0,0,0,3.4,102.0,1
TCGA-80-5608,0,1,0,1,0,0,0,0,0,0,0,4.566666666666666,137.0,1
TCGA-80-5611,0,0,0,0,0,0,0,0,0,0,0,5.4,162.0,2
TCGA-83-5908,0,1,1,0,0,0,0,0,0,0,0,6.366666666666666,191.0,1
TCGA-86-6562,0,0,0,0,0,0,0,0,0,0,0,1.3,39.0,1
TCGA-86-6851,0,0,1,0,0,0,0,1,0,0,0,24.133333333333333,727.0,2
TCGA-86-7701,0,0,1,1,0,0,0,0,0,0,0,5.566666666666666,167.0,1
TCGA-86-7711,0,0,1,0,0,0,0,0,0,0,0,6.033333333333333,181.0,3
TCGA-86-7713,0,1,0,1,0,0,0,0,0,0,0,4.333333333333333,131.0,1
TCGA-86-7714,0,0,0,0,0,0,1,0,0,0,0,2.1666666666666665,65.0,2
TCGA-86-7953,0,1,1,0,0,0,0,0,0,0,0,1.4,43.0,1
TCGA-86-7954,0,0,1,0,0,0,0,0,0,0,0,5.0,152.0,1
TCGA-86-7955,0,0,1,0,0,0,0,0,0,0,0,8.433333333333334,255.0,2
TCGA-86-8054,0,1,0,1,0,0,0,0,0,0,0,5.966666666666667,178.0,1
TCGA-86-8055,1,0,1,0,0,0,0,0,0,0,0,1.1,33.0,1
TCGA-86-8056,0,1,1,0,0,0,0,0,0,0,0,7.766666666666667,233.0,1
TCGA-86-8073,0,0,1,0,0,0,0,1,0,1,0,39.53333333333333,1187.0,1
TCGA-86-8074,1,0,1,0,0,0,0,0,0,0,0,2.0,60.0,1
TCGA-86-8075,1,0,1,0,0,0,0,0,0,0,0,1.2,36.0,1
TCGA-86-8076,0,1,0,0,0,0,0,0,0,0,0,1.7,51.0,1
TCGA-86-8278,0,0,0,0,0,0,0,0,0,0,0,2.6,78.0,1
TCGA-86-8279,0,0,1,0,0,0,0,1,0,1,0,14.033333333333333,421.0,2
TCGA-86-8280,1,0,1,1,0,0,0,0,0,0,0,1.3333333333333333,40.0,1
TCGA-86-8281,0,0,0,0,1,0,0,0,0,0,0,6.733333333333333,202.0,1
TCGA-86-8358,0,0,0,0,0,0,0,0,0,0,0,,,1
TCGA-86-8359,0,1,0,1,0,0,0,0,0,0,0,4.333333333333333,131.0,1
TCGA-86-8585,0,0,1,0,0,0,0,0,0,0,0,15.966666666666667,483.0,1
TCGA-86-8668,1,0,0,0,0,0,0,0,0,0,0,0.8666666666666667,26.0,1
TCGA-86-8669,0,0,0,0,0,0,0,0,0,1,0,3.7333333333333334,112.0,1
TCGA-86-8671,0,0,0,0,0,0,0,0,0,0,0,0.8333333333333334,25.0,1
TCGA-86-8672,0,0,1,0,1,0,0,0,0,0,0,7.933333333333334,238.0,1
TCGA-86-8673,0,0,1,0,0,0,0,0,0,0,0,12.766666666666667,384.0,1
TCGA-86-8674,0,1,0,0,1,0,0,0,0,0,0,7.833333333333333,235.0,1
TCGA-86-A456,0,1,0,0,0,0,0,0,0,0,0,9.3,279.0,1
TCGA-86-A4D0,0,0,1,1,1,0,0,0,0,0,0,7.1,214.0,2
TCGA-86-A4JF,0,1,1,0,0,0,0,0,0,0,0,36.333333333333336,1089.0,1
TCGA-86-A4P7,0,0,0,0,0,0,0,0,0,0,0,1.7333333333333334,52.0,1
TCGA-86-A4P8,0,0,0,0,0,0,0,0,0,0,0,,,2
TCGA-91-6828,0,1,0,0,0,0,0,0,0,0,0,7.8,234.0,1
TCGA-91-6829,0,0,0,0,0,0,0,0,0,1,0,17.3,521.0,2
TCGA-91-6830,0,0,0,0,0,0,0,1,0,0,0,5.666666666666667,170.0,1
TCGA-91-6831,0,0,1,0,0,0,0,1,0,0,0,7.466666666666667,224.0,2
TCGA-91-6835,1,0,0,0,0,0,0,0,0,0,0,1.7666666666666666,53.0,1
TCGA-91-6836,0,1,1,0,0,0,0,0,1,0,0,12.233333333333333,369.0,3
TCGA-91-6840,0,0,1,0,0,0,0,0,0,0,0,3.3,99.0,1
TCGA-91-6847,0,0,1,0,0,0,0,0,0,0,0,1.7,51.0,3
TCGA-91-6848,0,0,1,0,1,0,0,0,0,0,1,15.4,463.0,3
TCGA-91-6849,0,0,0,0,1,0,0,0,0,0,0,3.1666666666666665,96.0,1
TCGA-91-7771,0,0,0,1,0,0,0,0,0,0,0,5.033333333333333,151.0,1
TCGA-91-8496,1,0,0,0,0,0,0,0,0,0,0,0.7333333333333333,22.0,3
TCGA-91-8497,0,0,0,0,0,0,0,0,0,0,0,0.9666666666666667,29.0,1
TCGA-91-8499,0,0,1,0,0,0,0,0,0,0,0,8.8,266.0,3
TCGA-91-A4BC,0,0,1,0,0,0,0,0,0,0,0,11.433333333333334,343.0,2
TCGA-91-A4BD,0,0,0,0,0,0,1,0,0,0,0,0.5333333333333333,16.0,1
TCGA-93-7347,0,0,0,0,0,0,0,0,0,0,0,3.1,94.0,1
TCGA-93-7348,0,0,0,0,0,1,0,0,0,0,0,2.933333333333333,89.0,1
TCGA-93-8067,0,1,1,0,0,0,0,0,0,0,0,13.366666666666667,403.0,1
TCGA-93-A4JN,0,0,1,0,0,0,0,0,0,0,0,2.0,60.0,1
TCGA-93-A4JO,0,1,1,0,0,0,0,0,0,0,0,1.3,39.0,1
TCGA-93-A4JP,1,0,1,0,0,0,0,0,0,0,0,1.4333333333333333,43.0,1
TCGA-93-A4JQ,0,0,0,0,0,0,0,0,0,0,0,3.4,102.0,1
TCGA-95-7039,1,1,1,0,0,0,1,0,0,0,0,33.86666666666667,1017.0,2
TCGA-95-7043,0,0,1,0,1,0,0,0,0,1,0,30.5,915.0,3
TCGA-95-7562,0,1,1,0,0,0,0,0,0,0,0,12.033333333333333,361.0,2
TCGA-95-7567,0,1,1,0,0,0,0,0,0,0,0,24.866666666666667,747.0,1
TCGA-95-7944,0,0,1,0,0,0,0,0,0,1,0,6.1,183.0,3
TCGA-95-7947,1,0,1,0,1,0,0,0,0,0,0,14.833333333333334,445.0,1
TCGA-95-7948,0,0,0,0,0,0,0,0,0,0,0,3.9,117.0,2
TCGA-95-8039,0,0,1,0,0,0,0,0,0,0,0,2.566666666666667,77.0,1
TCGA-95-8494,0,0,1,0,0,0,0,0,0,0,0,2.466666666666667,74.0,3
TCGA-95-A4VK,0,0,0,0,0,0,0,0,0,0,0,7.1,212.0,1
TCGA-95-A4VN,0,1,0,0,0,0,0,0,0,0,0,12.166666666666666,366.0,1
TCGA-95-A4VP,0,1,0,1,0,0,0,0,0,0,0,3.1666666666666665,96.0,1
TCGA-97-7546,0,0,0,0,0,0,0,0,0,0,0,7.566666666666666,227.0,2
TCGA-97-7547,0,0,0,0,0,0,0,0,0,1,0,4.266666666666667,128.0,1
TCGA-97-7552,0,0,0,0,0,0,0,0,0,0,0,0.6666666666666666,20.0,1
TCGA-97-7553,0,0,1,0,0,0,0,0,0,1,0,1.3333333333333333,40.0,1
TCGA-97-7554,0,1,1,0,0,0,0,0,0,0,0,11.7,352.0,2
TCGA-97-7937,0,0,1,0,0,0,0,0,0,0,0,12.933333333333334,388.0,2
TCGA-97-7938,0,1,1,0,0,0,0,0,1,0,0,10.533333333333333,317.0,1
TCGA-97-7941,0,1,0,0,0,0,0,0,0,0,0,2.4,72.0,1
TCGA-97-8171,1,0,0,0,0,0,0,0,0,0,0,1.4333333333333333,43.0,3
TCGA-97-8172,0,0,0,0,0,0,0,0,0,0,0,7.233333333333333,218.0,1
TCGA-97-8174,0,0,0,0,0,0,0,0,0,0,0,4.533333333333333,136.0,1
TCGA-97-8175,0,0,1,0,0,0,0,0,0,0,0,0.8666666666666667,26.0,1
TCGA-97-8176,0,1,0,0,1,1,0,0,0,0,0,4.066666666666666,122.0,1
TCGA-97-8177,1,0,0,0,0,0,0,0,0,0,0,0.8,24.0,1
TCGA-97-8179,0,1,1,0,0,0,0,0,0,0,0,4.666666666666667,140.0,2
TCGA-97-8547,1,0,1,0,0,0,0,0,0,0,0,1.5333333333333334,46.0,2
TCGA-97-8552,1,0,0,0,0,0,0,0,0,0,0,0.6666666666666666,20.0,1
TCGA-97-A4LX,0,0,0,0,0,0,0,0,0,0,0,4.633333333333334,139.0,1
TCGA-97-A4M0,0,1,0,0,0,0,0,0,0,0,0,10.366666666666667,311.0,2
TCGA-97-A4M1,1,0,1,0,0,0,0,0,0,0,0,1.1666666666666667,35.0,2
TCGA-97-A4M2,0,0,0,0,0,0,0,0,0,0,0,,,1
TCGA-97-A4M3,0,0,0,1,1,0,0,0,0,0,0,6.0,180.0,1
TCGA-97-A4M5,0,1,0,0,0,0,0,0,0,0,0,4.1,123.0,1
TCGA-97-A4M6,1,0,0,0,0,0,0,0,0,0,0,0.7666666666666667,23.0,1
TCGA-97-A4M7,1,0,0,0,0,0,1,0,0,0,1,8.166666666666666,245.0,1
TCGA-99-7458,0,0,1,0,0,0,0,0,0,0,0,13.166666666666666,395.0,1
TCGA-99-8025,0,1,1,0,0,0,0,0,0,0,0,13.066666666666666,393.0,1
TCGA-99-8028,0,1,1,0,0,0,0,0,0,0,0,10.166666666666666,307.0,1
TCGA-99-8032,0,1,0,1,0,0,0,0,0,0,0,10.633333333333333,321.0,1
TCGA-99-8033,0,0,1,0,1,0,0,0,0,0,0,4.766666666666667,143.0,1
TCGA-99-AA5R,0,0,0,0,0,0,0,0,0,0,0,1.0666666666666667,32.0,1
TCGA-J2-8192,1,0,0,0,0,0,0,0,0,0,0,1.9,57.0,1
TCGA-J2-8194,0,1,0,1,1,0,0,0,0,0,0,4.0,120.0,1
TCGA-J2-A4AD,0,0,1,0,0,0,0,0,0,0,0,8.5,255.0,1
TCGA-J2-A4AE,0,0,0,0,0,1,0,0,0,0,0,1.2333333333333334,37.0,1
TCGA-J2-A4AG,0,1,0,0,0,0,0,0,0,0,0,2.0,61.0,1
TCGA-L4-A4E5,0,0,1,0,0,0,0,0,0,1,0,9.2,276.0,1
TCGA-L4-A4E6,0,0,0,0,0,0,1,0,0,0,0,0.13333333333333333,4.0,1
TCGA-L9-A443,0,1,0,0,0,0,0,0,0,0,0,7.2,216.0,1
TCGA-L9-A444,0,0,1,0,0,0,0,0,0,1,0,14.833333333333334,445.0,2
TCGA-L9-A50W,1,0,0,0,0,0,0,0,0,0,1,0.9666666666666667,29.0,1
TCGA-L9-A5IP,0,0,1,0,0,0,0,0,0,1,0,7.833333333333333,235.0,2
TCGA-L9-A743,0,0,1,0,0,0,0,0,0,1,0,2.966666666666667,89.0,1
TCGA-L9-A7SV,0,0,1,0,0,0,0,0,0,0,0,42.4,1274.0,2
TCGA-L9-A8F4,0,0,1,1,0,0,0,0,1,0,0,21.066666666666666,633.0,2
TCGA-MN-A4N1,0,0,1,0,0,0,1,0,0,0,0,12.3,370.0,1
TCGA-MN-A4N4,0,0,0,0,0,0,0,0,0,0,0,39.8,1196.0,2
TCGA-MN-A4N5,0,1,1,0,0,0,0,0,0,0,0,12.533333333333333,377.0,1
TCGA-MP-A4SV,0,0,1,0,0,0,0,0,0,0,0,8.9,267.0,1
TCGA-MP-A4SW,1,0,0,0,0,0,0,0,0,0,1,1.5666666666666667,47.0,1
TCGA-MP-A4SY,0,1,0,0,0,0,0,0,0,1,0,4.133333333333334,125.0,1
TCGA-MP-A4T4,0,1,0,0,0,0,0,0,1,0,0,10.533333333333333,316.0,2
TCGA-MP-A4T6,1,0,0,0,0,0,0,0,0,0,0,1.8666666666666667,56.0,1
TCGA-MP-A4T7,0,1,0,0,1,0,0,0,0,0,0,3.8666666666666667,116.0,1
TCGA-MP-A4T8,0,1,0,1,0,0,0,0,0,0,0,3.2,96.0,1
TCGA-MP-A4T9,1,0,1,0,0,0,0,0,0,0,0,0.8333333333333334,25.0,1
TCGA-MP-A4TA,0,0,1,0,0,0,0,0,0,0,0,9.433333333333334,284.0,1
TCGA-MP-A4TC,0,0,1,0,0,0,0,0,0,0,0,6.966666666666667,209.0,1
TCGA-MP-A4TD,0,1,0,1,0,0,0,0,0,0,0,1.9333333333333333,58.0,1
TCGA-MP-A4TE,0,1,0,1,1,0,0,0,0,0,0,3.6666666666666665,112.0,1
TCGA-MP-A4TF,0,1,1,0,0,0,0,0,0,0,0,11.233333333333333,338.0,1
TCGA-MP-A4TH,0,0,0,0,0,0,0,0,0,0,0,3.2,96.0,1
TCGA-MP-A4TI,0,0,0,0,0,0,0,0,0,0,0,,,1
TCGA-MP-A4TJ,0,1,0,1,0,0,0,0,0,0,0,2.466666666666667,74.0,1
TCGA-MP-A4TK,0,0,1,0,0,0,0,0,0,0,0,9.533333333333333,286.0,1
TCGA-MP-A5C7,0,0,0,0,1,0,0,0,1,0,0,1.6333333333333333,49.0,2
TCGA-NJ-A4YF,0,0,1,1,0,0,0,0,0,0,0,16.866666666666667,506.0,3
TCGA-NJ-A4YG,0,1,0,0,0,0,0,0,0,0,0,4.2,126.0,1
TCGA-NJ-A4YI,0,1,0,0,0,0,0,0,0,0,0,12.4,373.0,2
TCGA-NJ-A4YP,0,1,0,1,0,0,0,0,0,0,0,14.366666666666667,431.0,1
TCGA-NJ-A4YQ,0,0,0,0,1,0,0,0,0,0,0,29.6,888.0,2
TCGA-NJ-A55A,0,0,0,0,0,0,0,0,0,0,0,2.6,78.0,1
TCGA-NJ-A55O,0,1,0,1,0,0,0,0,0,0,0,3.8666666666666667,116.0,1
TCGA-NJ-A55R,0,1,0,0,1,0,0,0,0,0,0,7.2,217.0,1
TCGA-NJ-A7XG,0,0,0,0,0,0,0,0,0,0,0,0.7666666666666667,23.0,2
TCGA-O1-A52J,1,0,1,0,0,0,0,0,0,0,0,4.866666666666666,146.0,2
TCGA-S2-AA1A,0,0,0,0,0,0,0,0,0,0,0,3.2333333333333334,97.0,1
