sample,tissue,umap1,umap2,kmeans,physiotype,plate,case_id
00d461ae-a1d8-42f2-abd8-5e159363d857.rna_seq.augmented_star_gene_counts.tsv,Tumor,-4.4658175,8.483319,2,1,A277,TCGA-44-2666
00fabec9-d311-4994-a7e5-eb91178d14f2.rna_seq.augmented_star_gene_counts.tsv,Tumor,2.8582242,7.1702194,1,2,A262,TCGA-69-A59K
01ebdef8-920f-4b71-8b44-512598962d6b.rna_seq.augmented_star_gene_counts.tsv,Tumor,2.1730168,4.197114,1,1,2241,TCGA-99-8032
020a2284-03f3-4439-89bb-2292ebc3ecd2.rna_seq.augmented_star_gene_counts.tsv,Tumor,2.983031,8.218168,1,2,2241,TCGA-95-7562
02f6c9d4-8296-4e00-9e78-4f4d8c942340.rna_seq.augmented_star_gene_counts.tsv,Tumor,3.8948288,7.131391,1,3,1949,TCGA-91-6848
0326e97a-2ec7-4038-98f3-03d94962d869.rna_seq.augmented_star_gene_counts.tsv,Tumor,2.1266847,9.7013,0,2,2039,TCGA-97-7546
03c7ece7-500d-4c38-a600-bd6863562bfd.rna_seq.augmented_star_gene_counts.tsv,Tumor,4.5480742,9.93333,0,3,A41B,TCGA-49-AARQ
044b4834-bb51-40c8-8027-e5d752fa8787.rna_seq.augmented_star_gene_counts.tsv,Tumor,4.238949,9.687723,0,1,2403,TCGA-55-8616
04c4affd-ca5d-4ea4-95d1-a6502e80d1af.rna_seq.augmented_star_gene_counts.tsv,Tumor,3.4593506,10.199977,0,1,2066,TCGA-64-1681
04ce9fac-b5f3-4830-935e-9d6ea74ee915.rna_seq.augmented_star_gene_counts.tsv,Tumor,2.9208007,9.809855,0,1,A262,TCGA-MP-A4T6
050f4ef1-e774-490e-9450-8f2d473b1a21.rna_seq.augmented_star_gene_counts.tsv,Normal,6.4880757,12.651866,0,2,1755,TCGA-73-4676
059b5dc1-45f7-4d7c-b07a-878b6db6d881.rna_seq.augmented_star_gene_counts.tsv,Tumor,4.7212076,3.8260262,1,3,2039,TCGA-78-7156
05ca3ffd-a4d9-4667-80e2-d15125e88f7c.rna_seq.augmented_star_gene_counts.tsv,Tumor,4.9156857,10.938936,0,2,A24X,TCGA-97-A4M1
06770623-6a10-4874-9eea-1497077f18ac.rna_seq.augmented_star_gene_counts.tsv,Tumor,2.7949626,6.5633297,1,1,A24H,TCGA-55-A4DF
068ba2ae-288c-446d-8d17-72445ce4f788.rna_seq.augmented_star_gene_counts.tsv,Tumor,1.7353339,7.75276,1,1,A24X,TCGA-93-A4JN
06c83065-5800-451a-84a7-7a7f352493ec.rna_seq.augmented_star_gene_counts.tsv,Tumor,4.7625318,3.8412497,1,3,2066,TCGA-78-7633
06deab65-ccea-473f-ad0e-7e3928df2e07.rna_seq.augmented_star_gene_counts.tsv,Tumor,5.1187434,9.587468,0,2,1206,TCGA-05-4426
06f0836c-ae3f-4c83-bb20-a5a74796bb11.rna_seq.augmented_star_gene_counts.tsv,Normal,6.833098,12.310809,0,2,1755,TCGA-50-5932
07a66ae7-6b95-4d57-b308-dcb30672b6b9.rna_seq.augmented_star_gene_counts.tsv,Normal,6.4525685,12.026664,0,3,1949,TCGA-55-6971
07c5dadf-e801-4c1f-9109-7a2495407c75.rna_seq.augmented_star_gene_counts.tsv,Tumor,4.303804,5.049565,1,1,A24X,TCGA-97-A4M5
07c8891d-1917-45f8-bd1d-4c59d1baafaa.rna_seq.augmented_star_gene_counts.tsv,Tumor,4.7582765,5.3849216,1,1,1949,TCGA-91-6830
0832f2ee-ad00-42c7-8cc3-9c63a7b5cea9.rna_seq.augmented_star_gene_counts.tsv,Tumor,3.6161253,9.685295,0,2,2066,TCGA-78-7163
085fd4df-27f7-4680-a0b5-8726f9eab370.rna_seq.augmented_star_gene_counts.tsv,Tumor,4.714911,10.039823,0,2,1858,TCGA-49-4512
087c2c93-d071-41e1-a2e8-a1961ba54a86.rna_seq.augmented_star_gene_counts.tsv,Tumor,4.1013393,8.958831,0,1,2241,TCGA-86-8073
094bd5ef-b1ca-46c6-b717-2519e5a6151b.rna_seq.augmented_star_gene_counts.tsv,Tumor,4.6838074,9.783256,0,3,1858,TCGA-71-6725
09728f38-787f-4868-b28d-8cf6afa3c71b.rna_seq.augmented_star_gene_counts.tsv,Tumor,3.400674,5.7159877,1,1,1628,TCGA-05-5425
0a11e8dc-5d34-4fcb-b2dc-aa57b4e90fc9.rna_seq.augmented_star_gene_counts.tsv,Tumor,5.3354053,8.729397,0,3,2039,TCGA-78-7146
0a4e0b83-7afa-475b-8586-e9e79e31d6d2.rna_seq.augmented_star_gene_counts.tsv,Tumor,5.2182198,5.8411927,1,2,A24H,TCGA-62-A471
0a5dab01-33ff-41d1-8842-7b7f18a6efe0.rna_seq.augmented_star_gene_counts.tsv,Tumor,2.2836719,4.0842023,1,1,1858,TCGA-91-6828
0b55cf48-41ca-4d54-a6c6-fa15c711370b.rna_seq.augmented_star_gene_counts.tsv,Tumor,-4.621723,8.409203,2,2,A277,TCGA-44-3917
0ba8665b-be52-4288-838a-8f5d189f809d.rna_seq.augmented_star_gene_counts.tsv,Tumor,3.9922006,7.115569,1,2,A41B,TCGA-49-AAR3
0bb88c14-58c0-45d8-a8f3-f41840f62d37.rna_seq.augmented_star_gene_counts.tsv,Tumor,2.2492762,7.7360687,1,2,1858,TCGA-44-6777
0c09f267-c052-4208-83f3-9acbad0867d5.rna_seq.augmented_star_gene_counts.tsv,Normal,6.458929,11.842248,0,3,1858,TCGA-91-6831
0c73a12d-b6a0-4ee0-9364-6744964e3526.rna_seq.augmented_star_gene_counts.tsv,Normal,7.0470753,12.744587,0,2,1949,TCGA-55-6979
0e3e11b9-9f43-4a0d-8665-023fae9f8b00.rna_seq.augmented_star_gene_counts.tsv,Tumor,2.7533326,8.64759,1,1,1755,TCGA-38-6178
0f6c0159-7342-4519-83f5-52c2d457c4f8.rna_seq.augmented_star_gene_counts.tsv,Tumor,4.7612286,10.100566,0,2,2039,TCGA-78-7147
1084d48c-88e8-4d67-9049-d0e4cd7f9535.rna_seq.augmented_star_gene_counts.tsv,Tumor,5.033531,9.904206,0,3,A24H,TCGA-62-A46V
11d52676-7017-48b4-872a-cefb91b8651c.rna_seq.augmented_star_gene_counts.tsv,Normal,6.32316,12.235436,0,3,1758,TCGA-44-2655
1205cc6a-c42f-44c8-bf1c-84ef49eaaee4.rna_seq.augmented_star_gene_counts.tsv,Tumor,1.7090462,8.219993,1,2,2326,TCGA-50-8457
129a4f1c-81ee-4ebb-8c97-0a60fcc114d6.rna_seq.augmented_star_gene_counts.tsv,Tumor,3.9428053,10.063946,0,1,2039,TCGA-99-7458
12beb3ab-f6e1-42b0-af74-1a8cbb3416c0.rna_seq.augmented_star_gene_counts.tsv,Tumor,2.0424592,8.714684,1,1,A24H,TCGA-J2-A4AG
12da2172-3304-4dad-bd80-3039e6d49de3.rna_seq.augmented_star_gene_counts.tsv,Tumor,2.9574296,8.972843,1,1,2241,TCGA-J2-8192
131b98d5-aaf4-4a6c-bb96-c33895cd814a.rna_seq.augmented_star_gene_counts.tsv,Tumor,1.6042252,8.777135,1,1,A24X,TCGA-97-A4M7
131c0149-e810-4004-97e0-6c8a4aa9049d.rna_seq.augmented_star_gene_counts.tsv,Tumor,4.845932,3.8694525,1,2,2287,TCGA-97-8179
143cbdd4-689e-4ba9-b0ad-069629dc7dfa.rna_seq.augmented_star_gene_counts.tsv,Tumor,3.4195967,10.070468,0,1,A24X,TCGA-97-A4M6
145db6c5-f7ad-4e2f-88f1-d68bc457848a.rna_seq.augmented_star_gene_counts.tsv,Tumor,1.6973975,8.493446,1,1,2287,TCGA-97-8172
146a69db-f304-4dd3-97e2-4d11b6512069.rna_seq.augmented_star_gene_counts.tsv,Tumor,-4.5557427,8.36014,2,2,A278,TCGA-44-3917
14797b04-c56a-4ceb-bd0f-a4e785e90f75.rna_seq.augmented_star_gene_counts.tsv,Tumor,3.142721,7.3723483,1,2,1206,TCGA-05-4398
14aca23b-01ce-4532-8f2f-3b22b05a4757.rna_seq.augmented_star_gene_counts.tsv,Tumor,3.8399959,6.3889194,1,1,2241,TCGA-55-8089
14e05372-1acb-4479-904b-ce8acef028eb.rna_seq.augmented_star_gene_counts.tsv,Tumor,5.0349617,5.9497037,1,2,2039,TCGA-78-7150
156a175b-b419-4089-8541-7318e3dee78a.rna_seq.augmented_star_gene_counts.tsv,Tumor,2.2978144,4.557245,1,1,A262,TCGA-MP-A4TJ
160dd8d4-3262-4789-bd92-d5470bc7d41b.rna_seq.augmented_star_gene_counts.tsv,Tumor,3.4220078,4.7955384,1,1,A24H,TCGA-62-A46S
186b7ed8-cc25-45b6-bf7d-25d7a3a2154a.rna_seq.augmented_star_gene_counts.tsv,Tumor,3.8968601,7.8146825,1,3,1858,TCGA-91-6836
1890feb6-9f7f-4437-9828-198ff43e16b0.rna_seq.augmented_star_gene_counts.tsv,Tumor,2.9401875,9.161275,0,1,1107,TCGA-44-3398
19853c82-c205-4af9-badd-82946eec14ad.rna_seq.augmented_star_gene_counts.tsv,Tumor,5.2080393,5.554978,1,2,2039,TCGA-78-7220
1a0143ed-cd70-498f-b094-bc71b6921fb3.rna_seq.augmented_star_gene_counts.tsv,Tumor,1.9289972,8.004002,1,1,A24H,TCGA-55-A4DG
1aa0401e-b389-4852-87ef-e1ae357b76dc.rna_seq.augmented_star_gene_counts.tsv,Tumor,0.39149126,7.603124,1,1,2326,TCGA-50-8459
1b22e14e-321b-4609-9aa2-9df6285ca948.rna_seq.augmented_star_gene_counts.tsv,Normal,6.9708223,12.735572,0,2,1755,TCGA-38-4632
1bd869a0-98a7-4e19-994f-41a1ce2c7b2d.rna_seq.augmented_star_gene_counts.tsv,Normal,7.2862983,12.975346,0,1,1758,TCGA-44-2657
1c66cca9-ad78-44e5-ab54-be31d4a66437.rna_seq.augmented_star_gene_counts.tsv,Tumor,4.920463,5.017899,1,1,A24X,TCGA-MP-A4T7
1ca692e6-1dff-4d84-ace1-671bac7b9f61.rna_seq.augmented_star_gene_counts.tsv,Tumor,-4.5863853,8.427377,2,2,A277,TCGA-44-4112
1d7be20b-b4ca-47bb-9552-689f2e3ff0f7.rna_seq.augmented_star_gene_counts.tsv,Tumor,2.6022496,8.527163,1,1,A24X,TCGA-44-A4SU
1da64d9f-f5dd-4017-bf82-d1a61512b56b.rna_seq.augmented_star_gene_counts.tsv,Tumor,4.9772077,10.719061,0,2,0946,TCGA-67-3770
1e3d606d-e374-460c-a046-b6c98aa8256b.rna_seq.augmented_star_gene_counts.tsv,Tumor,1.8572837,8.999597,1,1,1755,TCGA-67-6217
1efac920-fb46-4ac8-b8b1-d1f2743edefe.rna_seq.augmented_star_gene_counts.tsv,Tumor,3.3545954,8.657086,1,1,2170,TCGA-55-7907
1f71e82c-0781-4d19-bc26-6c3c176827c5.rna_seq.augmented_star_gene_counts.tsv,Tumor,2.4957771,7.0372767,1,1,2090,TCGA-50-5946
1f7293ad-85b2-4d42-afcc-88cf1027cf5f.rna_seq.augmented_star_gene_counts.tsv,Tumor,2.5970018,7.084188,1,2,1206,TCGA-44-3396
1f7938f1-e04e-4ed0-8189-3d701c6fef72.rna_seq.augmented_star_gene_counts.tsv,Tumor,-0.2548372,7.419346,1,1,1206,TCGA-05-4403
20cddb4c-1ad4-4f0e-bd5e-3071f573b2d0.rna_seq.augmented_star_gene_counts.tsv,Tumor,2.1265244,9.296057,1,1,2039,TCGA-97-7547
20ecdb2d-16ad-437b-ac0e-b84339c769a6.rna_seq.augmented_star_gene_counts.tsv,Tumor,4.3367686,10.391639,0,2,A24X,TCGA-97-A4M0
2172f060-6402-44dc-a918-2f9c15c21fa4.rna_seq.augmented_star_gene_counts.tsv,Tumor,2.2116795,4.0648413,1,2,2170,TCGA-55-7815
21893490-77c4-4bc8-b8ea-0a5f16762f6b.rna_seq.augmented_star_gene_counts.tsv,Normal,7.134545,12.5960455,0,3,1858,TCGA-44-6146
21a80f43-21be-4549-901b-c99083021c30.rna_seq.augmented_star_gene_counts.tsv,Tumor,2.8010652,9.940457,0,2,2326,TCGA-62-8397
21eea21d-7db3-4f85-a9e4-72cbb562b5ed.rna_seq.augmented_star_gene_counts.tsv,Tumor,4.41406,9.7777605,0,1,A24H,TCGA-62-A46U
22002e84-1d7a-4f93-9934-9d74f45195c0.rna_seq.augmented_star_gene_counts.tsv,Tumor,1.5442297,8.316766,1,2,2170,TCGA-55-7914
2276a330-e86b-46e1-be45-ae41d217ef66.rna_seq.augmented_star_gene_counts.tsv,Tumor,2.3858042,7.4792123,1,1,A24X,TCGA-97-A4LX
22c48da7-f220-43f4-a1b0-fd57358f7ae7.rna_seq.augmented_star_gene_counts.tsv,Tumor,3.4212961,6.1481137,1,1,1755,TCGA-50-5930
22cd91fc-54c5-43e0-80ff-19a419298721.rna_seq.augmented_star_gene_counts.tsv,Tumor,4.8029757,6.330443,1,2,A39D,TCGA-L9-A5IP
22d87348-bca7-4428-b8e2-2f161d77bcc5.rna_seq.augmented_star_gene_counts.tsv,Tumor,4.158709,4.6431236,1,1,2287,TCGA-69-8253
2301103f-5cbe-4cb6-b5da-0b83b39e4616.rna_seq.augmented_star_gene_counts.tsv,Tumor,1.7275138,8.066515,1,1,1628,TCGA-50-5055
2306a9ab-37ae-4dfd-b992-4f62022c3d4c.rna_seq.augmented_star_gene_counts.tsv,Tumor,4.825191,4.9915094,1,1,A262,TCGA-95-A4VK
233b6aa7-9d3f-4db0-a900-03f7cf4d0ac4.rna_seq.augmented_star_gene_counts.tsv,Tumor,4.5880327,4.88695,1,1,A262,TCGA-NJ-A55O
23aeef43-0657-45f1-835e-52a829f0bea2.rna_seq.augmented_star_gene_counts.tsv,Tumor,3.0497625,8.063097,1,2,2403,TCGA-55-8506
25212f64-8017-4b93-b171-10a830558566.rna_seq.augmented_star_gene_counts.tsv,Tumor,3.2802281,9.395694,0,1,2241,TCGA-55-8090
256e320c-e4de-4918-b3bc-b71657bfd4cc.rna_seq.augmented_star_gene_counts.tsv,Tumor,3.5293484,9.10416,0,1,2187,TCGA-86-7953
258b0b5e-2b09-4378-9606-83955ca19d7c.rna_seq.augmented_star_gene_counts.tsv,Tumor,1.8234481,8.90318,1,1,1107,TCGA-05-4249
25a6fe1b-0472-489f-a721-f596395badb1.rna_seq.augmented_star_gene_counts.tsv,Tumor,4.137562,8.964703,0,1,2066,TCGA-55-7576
25ef25f6-9982-41ad-9823-62763c6c29eb.rna_seq.augmented_star_gene_counts.tsv,Tumor,1.9480548,8.818673,1,1,A24X,TCGA-MP-A4SW
268f14f5-e6f7-413a-90a6-20a205012246.rna_seq.augmented_star_gene_counts.tsv,Tumor,4.9229984,5.770925,1,1,2403,TCGA-55-8505
26fdaa75-cea5-4355-b3b1-6b5c2c75e542.rna_seq.augmented_star_gene_counts.tsv,Tumor,-4.5884347,8.318388,2,2,A277,TCGA-44-5645
27266d85-3f2c-489f-9e5d-663d94ae9f55.rna_seq.augmented_star_gene_counts.tsv,Tumor,4.7650347,6.0160537,1,2,1755,TCGA-50-6592
27e24fc6-af40-4152-8424-a9d365c717d9.rna_seq.augmented_star_gene_counts.tsv,Tumor,2.6880128,7.1378603,1,1,2403,TCGA-55-8511
28e5e6cc-60b0-4324-b05e-d05af474da90.rna_seq.augmented_star_gene_counts.tsv,Tumor,3.4254775,7.406568,1,1,2187,TCGA-69-7978
29000c50-6667-4281-a97a-5f02cb24a8f4.rna_seq.augmented_star_gene_counts.tsv,Tumor,4.729634,7.577095,1,2,1858,TCGA-50-6595
290ad2c0-6aeb-4eba-b3e7-fc47e8bfbdce.rna_seq.augmented_star_gene_counts.tsv,Normal,6.811222,12.307498,0,2,1858,TCGA-44-6778
2a05b2c0-f94d-4c07-889a-def7131895bd.rna_seq.augmented_star_gene_counts.tsv,Tumor,3.2569404,8.10247,1,1,A24X,TCGA-86-A4JF
2a48ffd2-9212-48f4-a836-7572eb2feffe.rna_seq.augmented_star_gene_counts.tsv,Tumor,2.976236,8.136459,1,2,2326,TCGA-62-8402
2a53d9f7-430a-45c5-9171-8ee65dc560dd.rna_seq.augmented_star_gene_counts.tsv,Tumor,2.895852,4.207766,1,2,2066,TCGA-44-7667
2aef96ea-5379-4066-8df1-66218ab77425.rna_seq.augmented_star_gene_counts.tsv,Tumor,3.7408745,7.9951344,1,2,2241,TCGA-44-8117
2b4652fb-eef5-427e-b4f0-24164c042e52.rna_seq.augmented_star_gene_counts.tsv,Normal,6.4735,11.892366,0,3,1758,TCGA-44-2665
2b99d8d7-f329-4fe6-97b5-167953311755.rna_seq.augmented_star_gene_counts.tsv,Tumor,4.592711,9.024062,0,1,A262,TCGA-95-A4VN
2beab6d3-563d-421f-bf4a-7e1f843ec637.rna_seq.augmented_star_gene_counts.tsv,Tumor,5.0168457,9.96094,0,2,2403,TCGA-97-8547
2e86db3a-ac57-49d2-8378-5d5e7412eff7.rna_seq.augmented_star_gene_counts.tsv,Tumor,2.2168355,8.200389,1,1,1949,TCGA-50-6673
2f00871b-1c4a-4fe9-94f6-42493fd95841.rna_seq.augmented_star_gene_counts.tsv,Tumor,3.2654395,9.515814,0,1,1949,TCGA-80-5607
2f03d42e-9735-4edb-87d9-ec443b7801a5.rna_seq.augmented_star_gene_counts.tsv,Tumor,5.044523,5.237343,1,1,1858,TCGA-49-4514
2f8abb88-ae9f-4315-bcad-4263862bd11b.rna_seq.augmented_star_gene_counts.tsv,Tumor,4.354646,8.872341,0,1,2403,TCGA-78-8660
2f93d52a-e8ab-454b-ae76-74b35cd561da.rna_seq.augmented_star_gene_counts.tsv,Normal,6.231794,11.965239,0,3,1858,TCGA-50-5935
2f966635-6a77-4205-9bab-df5940a973aa.rna_seq.augmented_star_gene_counts.tsv,Tumor,6.1130238,11.7047,0,3,2403,TCGA-91-8496
2fde57cd-97d2-492d-b37d-a4e2d43239cf.rna_seq.augmented_star_gene_counts.tsv,Tumor,3.2121954,9.448807,0,1,1949,TCGA-55-6986
3041806b-5855-4930-aeb8-a30472658d54.rna_seq.augmented_star_gene_counts.tsv,Tumor,1.8411378,3.9194274,1,3,A39D,TCGA-4B-A93V
30a6ea89-8eda-47cf-b336-e070fcd08740.rna_seq.augmented_star_gene_counts.tsv,Tumor,4.8322387,10.444169,0,2,A262,TCGA-NJ-A4YI
31a238a8-4238-4d56-aac5-4769ce173664.rna_seq.augmented_star_gene_counts.tsv,Normal,6.10236,12.521304,0,2,1949,TCGA-55-6983
32248a54-89ad-43a3-aa20-1c1897cb0054.rna_seq.augmented_star_gene_counts.tsv,Tumor,2.3989892,7.0417438,1,2,1949,TCGA-86-6851
322ff57d-60a1-45d6-a103-c953d11924f1.rna_seq.augmented_star_gene_counts.tsv,Tumor,4.595076,9.975206,0,2,1206,TCGA-38-4628
325c7d6b-292d-46e5-85d1-785ae8a48c33.rna_seq.augmented_star_gene_counts.tsv,Tumor,2.0387769,7.7214355,1,3,0946,TCGA-44-2659
32675d71-6f79-4b8f-ab7c-e2350b15875c.rna_seq.augmented_star_gene_counts.tsv,Tumor,2.4350712,8.268084,1,1,A24H,TCGA-44-A47G
3289364c-0dc2-43e8-bfe2-57d25e8612e5.rna_seq.augmented_star_gene_counts.tsv,Tumor,4.8437676,6.5478296,1,2,A41B,TCGA-73-A9RS
32dd8db9-1e43-497e-a35a-664d7d15ed60.rna_seq.augmented_star_gene_counts.tsv,Tumor,2.6797986,8.877409,1,1,2241,TCGA-55-8091
32e5ef2b-4387-4d2c-8e62-d18b5106414f.rna_seq.augmented_star_gene_counts.tsv,Tumor,5.208351,9.017822,0,2,1755,TCGA-73-4676
32ff57d1-3fde-461b-be45-e49365149543.rna_seq.augmented_star_gene_counts.tsv,Normal,6.6983852,12.887239,0,2,1858,TCGA-44-6145
330845b9-1d53-47af-8cb7-30ce5d30625d.rna_seq.augmented_star_gene_counts.tsv,Tumor,3.5629919,9.087445,0,1,1206,TCGA-49-4505
3369898e-21d8-4ded-8bbc-a746b1a743ad.rna_seq.augmented_star_gene_counts.tsv,Tumor,-4.568228,8.460643,2,1,A278,TCGA-44-6775
33e0a8b2-3e7e-46da-b5ef-76463308d3b9.rna_seq.augmented_star_gene_counts.tsv,Tumor,4.27343,7.4583397,1,2,0946,TCGA-44-2662
34774d7b-1184-4b5f-b6a9-e16c428ca7ce.rna_seq.augmented_star_gene_counts.tsv,Tumor,3.037562,5.79801,1,1,2241,TCGA-86-8076
34d64c67-b35b-418e-a7b2-759804876762.rna_seq.augmented_star_gene_counts.tsv,Tumor,3.85183,4.9046454,1,1,1949,TCGA-91-6849
35a9d225-0988-4e31-9a39-d54f3a63bea8.rna_seq.augmented_star_gene_counts.tsv,Tumor,2.1668093,7.6232076,1,1,A39D,TCGA-L9-A743
35fc369e-6f16-415b-badb-380eedb2157b.rna_seq.augmented_star_gene_counts.tsv,Tumor,3.0124228,3.939873,1,1,2039,TCGA-78-7161
36280315-a32b-4743-8a78-82bbfd116b82.rna_seq.augmented_star_gene_counts.tsv,Normal,6.9385457,12.872603,0,2,1858,TCGA-49-4512
367864dd-ccd2-473e-9661-6ff4342a4e64.rna_seq.augmented_star_gene_counts.tsv,Tumor,3.236521,8.022644,1,1,1755,TCGA-73-4658
36db1d28-8a10-46cc-91ef-d5036aaba9c3.rna_seq.augmented_star_gene_counts.tsv,Tumor,1.9153719,4.335023,1,1,1206,TCGA-05-4432
36f81494-52c4-49db-9dba-26a0c2de2e8e.rna_seq.augmented_star_gene_counts.tsv,Tumor,3.5947735,8.864449,0,1,2241,TCGA-99-8025
38fbb0e8-cd18-425d-becf-791c8e8a8911.rna_seq.augmented_star_gene_counts.tsv,Tumor,3.2297187,9.317008,0,1,A39D,TCGA-49-AAQV
39807893-979e-44c6-ada9-444c68b863c3.rna_seq.augmented_star_gene_counts.tsv,Tumor,2.5832503,7.2937074,1,2,A262,TCGA-MP-A4T4
39af4940-aeba-4d26-96fc-68da8663bc81.rna_seq.augmented_star_gene_counts.tsv,Tumor,4.6364894,4.0284057,1,2,1206,TCGA-49-4486
3a284d39-2913-4d8c-b46a-9b1e991cfd0b.rna_seq.augmented_star_gene_counts.tsv,Tumor,4.703871,6.5321064,1,3,A262,TCGA-NJ-A4YF
3a8b14d9-c521-48d4-9400-074d752afe1b.rna_seq.augmented_star_gene_counts.tsv,Tumor,3.722514,4.1384335,1,1,A24X,TCGA-MP-A4T8
3b21349a-ee41-45bf-87de-19b6cda494d5.rna_seq.augmented_star_gene_counts.tsv,Tumor,2.7343237,3.9609993,1,1,2187,TCGA-69-7973
3b286ed4-51bd-4a1e-9eab-b0ee9adf3b72.rna_seq.augmented_star_gene_counts.tsv,Tumor,2.9065866,3.9736488,1,1,1949,TCGA-80-5608
3b5d9bee-5e4f-4afc-b297-2f072ef18a93.rna_seq.augmented_star_gene_counts.tsv,Tumor,4.5850234,4.3224583,1,1,2066,TCGA-44-7671
3c6fdcc9-916b-4ec2-be58-1dd15e7d94a2.rna_seq.augmented_star_gene_counts.tsv,Tumor,4.4667253,9.303177,0,1,A24X,TCGA-MP-A4T9
3ce23908-d2b9-42b0-a409-5fbd767496c2.rna_seq.augmented_star_gene_counts.tsv,Tumor,5.090964,5.1943474,1,2,1858,TCGA-49-6742
3d006e45-8ebf-4ba1-b003-13b711c0d0ee.rna_seq.augmented_star_gene_counts.tsv,Tumor,-0.33677784,7.368071,1,2,2066,TCGA-78-7540
3d11905a-16eb-40b2-a36b-e37dca6359d3.rna_seq.augmented_star_gene_counts.tsv,Tumor,-4.780955,8.48064,2,2,A277,TCGA-44-2662
3db0576d-969f-4cb6-9e5d-51407b953ef4.rna_seq.augmented_star_gene_counts.tsv,Normal,6.172135,12.576562,0,2,1949,TCGA-55-6986
3dbeacde-e4f1-443a-b34e-28c44acce88c.rna_seq.augmented_star_gene_counts.tsv,Normal,6.3691516,12.225317,0,3,1858,TCGA-91-6836
3ddd596f-b02f-4b51-a837-3c684437600f.rna_seq.augmented_star_gene_counts.tsv,Tumor,4.1570864,10.331242,0,1,1628,TCGA-05-5423
3dde8e24-6a2b-49ab-b4df-c058f18a3851.rna_seq.augmented_star_gene_counts.tsv,Tumor,1.7331362,4.216483,1,2,2066,TCGA-78-7536
3e08ac76-9fba-40cf-8743-e2e1fb14f067.rna_seq.augmented_star_gene_counts.tsv,Tumor,5.00312,8.21445,0,3,1755,TCGA-50-6594
3e5fa22c-f02a-4da4-881c-6aa2869058c1.rna_seq.augmented_star_gene_counts.tsv,Tumor,3.7909176,4.7874336,1,1,2287,TCGA-86-8281
3f579bea-4481-42cd-b433-4f4ff65cf7b0.rna_seq.augmented_star_gene_counts.tsv,Tumor,2.58396,7.513107,1,1,1107,TCGA-44-3918
3f79d678-e5d5-443e-a7df-187c2acd2b2c.rna_seq.augmented_star_gene_counts.tsv,Tumor,0.7323754,7.9065957,1,1,1755,TCGA-44-6148
3f7a9aee-2d10-4426-855b-de9a48b278ce.rna_seq.augmented_star_gene_counts.tsv,Tumor,5.21919,6.6432934,1,2,1206,TCGA-05-4395
40386f32-719d-480f-9ba7-57e1eea23b30.rna_seq.augmented_star_gene_counts.tsv,Tumor,4.2477055,10.7584095,0,1,A24H,TCGA-91-A4BD
404aadcc-cb30-4dba-b2b3-efd573cd9ffe.rna_seq.augmented_star_gene_counts.tsv,Tumor,4.6035037,10.728042,0,2,2241,TCGA-55-8087
4102816c-2ab8-4ecb-83b0-4f78c052bcd8.rna_seq.augmented_star_gene_counts.tsv,Tumor,2.9713674,9.297173,0,1,1755,TCGA-55-6543
41fde338-9254-4ad2-9806-d7864c2d038e.rna_seq.augmented_star_gene_counts.tsv,Tumor,3.798529,9.227907,0,1,A24X,TCGA-MP-A4SY
42ecec5f-f097-4d86-a9d9-cf0507b08c42.rna_seq.augmented_star_gene_counts.tsv,Tumor,2.1701384,9.63384,0,1,2241,TCGA-55-8097
430458f1-86d8-4ec8-a8fe-6a58ac832bdd.rna_seq.augmented_star_gene_counts.tsv,Tumor,2.5661879,6.978833,1,2,1206,TCGA-05-4382
45310b76-8ea1-4d13-9d9f-1f1d874e0285.rna_seq.augmented_star_gene_counts.tsv,Tumor,1.960381,4.153768,1,1,2241,TCGA-44-8119
4564496a-31da-4537-abe0-5b3f2455ed13.rna_seq.augmented_star_gene_counts.tsv,Tumor,-0.121427745,7.466659,1,2,1628,TCGA-05-5429
461cd8f2-fe53-448d-b6a9-0a95792464c7.rna_seq.augmented_star_gene_counts.tsv,Tumor,2.4449017,4.933389,1,1,2326,TCGA-86-8358
4772e349-a753-4c41-9c48-ae3af0f58520.rna_seq.augmented_star_gene_counts.tsv,Tumor,3.295143,5.552129,1,1,A24H,TCGA-55-A48Y
4822db97-46d7-4302-bef9-63086b777e9c.rna_seq.augmented_star_gene_counts.tsv,Tumor,1.4728346,7.7931323,1,1,A24X,TCGA-93-A4JO
482e60ad-222e-4ead-8a3c-a3b44e54aa5e.rna_seq.augmented_star_gene_counts.tsv,Tumor,3.5232544,3.9977007,1,3,A24X,TCGA-55-A494
484f0a13-a636-484b-9880-5066955dee6e.rna_seq.augmented_star_gene_counts.tsv,Tumor,4.646523,6.311686,1,2,1628,TCGA-64-5781
48fdafbf-3f8b-46ba-8aa9-f081f0b54739.rna_seq.augmented_star_gene_counts.tsv,Tumor,5.140766,10.547233,0,2,A39D,TCGA-55-A57B
4933c476-e3f3-45b0-b158-dcbe0539644e.rna_seq.augmented_star_gene_counts.tsv,Tumor,5.105388,7.175836,1,2,2066,TCGA-44-7660
4966ebc7-b3d5-49d1-885d-f6ae4a8781e6.rna_seq.augmented_star_gene_counts.tsv,Tumor,2.3721476,8.560303,1,1,1949,TCGA-55-6982
49932944-ad54-4c6c-affc-08a4b76de933.rna_seq.augmented_star_gene_counts.tsv,Tumor,-0.1422467,7.4817595,1,1,1949,TCGA-55-6984
49ab8f1a-6252-47b0-9f16-63e065f33efd.rna_seq.augmented_star_gene_counts.tsv,Tumor,1.4062845,8.347641,1,1,0946,TCGA-67-3772
49acc5ad-6a61-41e1-9acb-4260e932a184.rna_seq.augmented_star_gene_counts.tsv,Tumor,2.5404289,5.1410832,1,1,2039,TCGA-55-7570
4a1a0323-0cfb-4f33-ba44-0039283f9334.rna_seq.augmented_star_gene_counts.tsv,Tumor,4.709864,8.989954,0,1,1755,TCGA-75-5126
4a39a182-e583-4ff0-a8f0-f73b0f5c4f20.rna_seq.augmented_star_gene_counts.tsv,Tumor,3.8731976,6.2711167,1,1,1628,TCGA-50-5939
4a967e6f-d39a-4fe5-864b-a43e8184a852.rna_seq.augmented_star_gene_counts.tsv,Tumor,3.1330364,5.108348,1,1,A39D,TCGA-49-AAR2
4ad05e6b-e3d8-4048-8f61-1e79e421de0b.rna_seq.augmented_star_gene_counts.tsv,Tumor,2.4455545,7.792805,1,1,2066,TCGA-95-7567
4b6c958a-7e20-4b88-b30a-2406b123c8c1.rna_seq.augmented_star_gene_counts.tsv,Tumor,2.5239315,9.7164345,0,1,2287,TCGA-97-8177
4b6faa2b-5b8d-4ee5-ac5d-aafa6d95327f.rna_seq.augmented_star_gene_counts.tsv,Tumor,3.4257727,8.759273,1,1,1628,TCGA-64-5778
4f332295-b93c-48bf-8125-3a1539a03742.rna_seq.augmented_star_gene_counts.tsv,Normal,7.267363,12.916876,0,2,1949,TCGA-55-6970
4f721842-9460-4376-b577-59c3731f34a6.rna_seq.augmented_star_gene_counts.tsv,Tumor,3.0050652,7.5979176,1,1,1628,TCGA-64-5815
4f8b284e-7e42-45c5-b7cc-57cc678ec3df.rna_seq.augmented_star_gene_counts.tsv,Tumor,4.303321,10.498753,0,1,A24H,TCGA-44-A47A
50c308c9-922a-4083-ae09-e5e4d8c437af.rna_seq.augmented_star_gene_counts.tsv,Tumor,4.951965,7.0869336,1,1,A41B,TCGA-49-AARE
5158a031-b856-4423-9418-031b3107e88f.rna_seq.augmented_star_gene_counts.tsv,Tumor,2.6405134,8.439883,1,1,2241,TCGA-86-8075
5241ced4-4a72-40dc-9698-a647fb6d03a4.rna_seq.augmented_star_gene_counts.tsv,Tumor,2.4964786,7.5025187,1,1,2241,TCGA-99-8028
525e9185-ed15-403d-8987-93c50e4b89a1.rna_seq.augmented_star_gene_counts.tsv,Tumor,2.8731384,8.192466,1,1,1858,TCGA-44-6774
52b34ef3-a814-4aa9-a395-6beea6a71f11.rna_seq.augmented_star_gene_counts.tsv,Tumor,2.130296,8.154281,1,1,1858,TCGA-05-4405
52beaa60-92f3-48cf-a695-78bb66ccd4f6.rna_seq.augmented_star_gene_counts.tsv,Tumor,3.7167044,5.834326,1,1,1949,TCGA-55-6970
52e52b5d-4112-4616-8ddd-2a4524a91778.rna_seq.augmented_star_gene_counts.tsv,Tumor,5.456882,8.82036,0,3,1755,TCGA-50-6591
53244201-6282-42ea-9da4-31524ca39bf8.rna_seq.augmented_star_gene_counts.tsv,Tumor,4.5697613,9.8140745,0,2,2287,TCGA-86-8279
534541e5-89a2-46bc-98d3-1fed57d6e4c1.rna_seq.augmented_star_gene_counts.tsv,Tumor,4.320166,10.24721,0,1,A24H,TCGA-62-A46Y
5418228b-cfd0-4580-87c6-3ebf6282ad73.rna_seq.augmented_star_gene_counts.tsv,Tumor,4.7785354,3.773046,1,3,1949,TCGA-55-6972
5444c7d2-9c7e-4b9e-a8ee-7d64c375be17.rna_seq.augmented_star_gene_counts.tsv,Tumor,2.2947135,4.2129655,1,1,A262,TCGA-MP-A4TD
55071ef3-bf09-43a2-a54c-a9ec61a84615.rna_seq.augmented_star_gene_counts.tsv,Tumor,2.894652,4.0659723,1,1,2066,TCGA-86-7713
5511e816-3ce5-4d0c-80a7-71ee42ba8fc9.rna_seq.augmented_star_gene_counts.tsv,Normal,6.2135897,12.031738,0,3,1949,TCGA-55-6984
5541c1a3-e0e5-4ded-ae0a-687e87a7d708.rna_seq.augmented_star_gene_counts.tsv,Tumor,7.004401,12.952903,0,2,1755,TCGA-75-6203
555b77b9-d686-4f0e-a099-25bd5715a5e9.rna_seq.augmented_star_gene_counts.tsv,Tumor,3.0264478,10.0373125,0,2,1858,TCGA-50-6597
55e5447a-96d1-4d95-91ad-b5790392bbfa.rna_seq.augmented_star_gene_counts.tsv,Tumor,4.8577905,5.4445605,1,1,1858,TCGA-50-5072
56081bb7-480c-446f-9e21-41627df3b569.rna_seq.augmented_star_gene_counts.tsv,Tumor,5.307168,7.525663,1,3,2187,TCGA-95-7944
564e41d6-f9a4-4a6b-bb97-f8e5423b84bd.rna_seq.augmented_star_gene_counts.tsv,Tumor,-0.24477835,7.419508,1,1,2326,TCGA-69-8453
56afb18f-7fdd-4672-be59-4d3a03b806de.rna_seq.augmented_star_gene_counts.tsv,Tumor,2.3605764,7.0390577,1,2,1628,TCGA-50-5049
56ba7921-5bee-4a1e-9fba-a78a034547a6.rna_seq.augmented_star_gene_counts.tsv,Tumor,1.5623105,7.5785866,1,1,2403,TCGA-55-8614
56c858be-3637-4ba0-81be-208a3edac992.rna_seq.augmented_star_gene_counts.tsv,Tumor,-0.29160336,7.38826,1,1,2187,TCGA-97-7941
56d2e7e0-7686-417f-a698-393a1385d87e.rna_seq.augmented_star_gene_counts.tsv,Tumor,3.7738748,8.877628,0,1,2403,TCGA-55-8510
56d7d6b5-33c0-4551-967c-afce1f970395.rna_seq.augmented_star_gene_counts.tsv,Tumor,1.6881706,4.0567546,1,2,1858,TCGA-91-6831
57048ebe-3153-4e65-bbca-eadb92b99d31.rna_seq.augmented_star_gene_counts.tsv,Tumor,4.167767,4.989193,1,1,A262,TCGA-NJ-A4YP
57512aba-e397-4ab8-b1ed-de197e6f92fd.rna_seq.augmented_star_gene_counts.tsv,Tumor,3.123235,4.3407946,1,1,A39D,TCGA-49-AAR0
57ae0185-984b-40a7-8d95-1a6a2cc0b03a.rna_seq.augmented_star_gene_counts.tsv,Tumor,2.3958442,4.343938,1,1,A262,TCGA-NJ-A55R
57d89d75-a9bb-4bd3-af76-d29def9a9625.rna_seq.augmented_star_gene_counts.tsv,Tumor,2.43865,5.0441155,1,2,2403,TCGA-55-8620
58681163-9f9d-4f74-a1bb-3a4bcb4856d6.rna_seq.augmented_star_gene_counts.tsv,Tumor,1.0870924,7.913781,1,1,A41B,TCGA-49-AARR
58e4f0e6-3b0f-4370-8abf-0b4d533672c5.rna_seq.augmented_star_gene_counts.tsv,Tumor,4.247109,7.4536533,1,2,0946,TCGA-44-2668
593623b6-0f7d-4089-8697-518c573c86c6.rna_seq.augmented_star_gene_counts.tsv,Tumor,2.2541497,9.504966,0,1,2241,TCGA-86-8056
59578e5d-b76f-46eb-b5d9-7c90b8a9dbe4.rna_seq.augmented_star_gene_counts.tsv,Tumor,3.0465484,10.084161,0,2,2066,TCGA-78-7539
597af330-73d5-4905-803e-56d744ab723d.rna_seq.augmented_star_gene_counts.tsv,Tumor,-0.20772275,7.426847,1,1,2187,TCGA-55-7728
59a0b90e-8b8b-41b8-95f0-d51961a94be5.rna_seq.augmented_star_gene_counts.tsv,Tumor,4.768822,4.7966676,1,1,1858,TCGA-05-4396
59e8b7b7-5183-4655-aa5e-e4b5ba73eded.rna_seq.augmented_star_gene_counts.tsv,Tumor,3.928637,9.235316,0,1,2170,TCGA-55-7727
5a1b3a79-375e-47a7-8a30-b37fbfd8162d.rna_seq.augmented_star_gene_counts.tsv,Tumor,2.0353537,3.992883,1,1,1755,TCGA-05-4390
5a335f07-9b07-46cf-8902-503b24f89bfa.rna_seq.augmented_star_gene_counts.tsv,Tumor,1.8959945,4.020272,1,1,1628,TCGA-64-5774
5c5dec6e-b6ee-44af-a42e-485bdf54bde4.rna_seq.augmented_star_gene_counts.tsv,Normal,6.9943533,12.654854,0,2,1949,TCGA-55-6972
5d081953-cf3a-40cb-95bf-f418ed3879ac.rna_seq.augmented_star_gene_counts.tsv,Tumor,0.8307051,7.9171176,1,1,A39D,TCGA-S2-AA1A
5d843590-36a7-4568-88a4-2bc09e14927f.rna_seq.augmented_star_gene_counts.tsv,Tumor,2.2856498,6.9667764,1,2,2403,TCGA-78-8648
5eef868d-7c7f-42e8-aabf-ce3f75405c7a.rna_seq.augmented_star_gene_counts.tsv,Tumor,4.4239125,7.802921,1,2,2187,TCGA-95-7948
5f74c5cb-1127-4a5c-975e-58e5abc4db03.rna_seq.augmented_star_gene_counts.tsv,Tumor,2.4852207,7.041684,1,1,2066,TCGA-44-7672
5fd9d2a8-3a95-440c-a0de-8ad5fd86e156.rna_seq.augmented_star_gene_counts.tsv,Tumor,3.3469737,6.0576806,1,2,1628,TCGA-05-5420
602ac1fc-c8ad-4e47-988b-1e9e1aa3ce26.rna_seq.augmented_star_gene_counts.tsv,Normal,6.5858164,12.675475,0,2,1949,TCGA-55-6982
6078603d-a4e2-4a1a-abca-01fb63106888.rna_seq.augmented_star_gene_counts.tsv,Tumor,5.0893655,9.444494,0,1,A24X,TCGA-MN-A4N1
60cc41cd-a0af-4cad-a4be-253781e2f0b8.rna_seq.augmented_star_gene_counts.tsv,Tumor,4.6140976,8.7678175,0,2,1949,TCGA-49-6761
61807b4d-bbab-4ea8-a904-35c562ec6c29.rna_seq.augmented_star_gene_counts.tsv,Tumor,5.367913,5.7144427,1,2,A24X,TCGA-44-A4SS
6200626d-556e-400d-81f4-e397ce49585f.rna_seq.augmented_star_gene_counts.tsv,Tumor,4.1056952,7.2469816,1,3,2403,TCGA-91-8499
62b8c824-3e80-4341-bfee-78d04be904c9.rna_seq.augmented_star_gene_counts.tsv,Tumor,4.765213,7.9028573,1,1,2287,TCGA-83-5908
6338619f-470c-4ae1-8b45-959b5f9ad3da.rna_seq.augmented_star_gene_counts.tsv,Tumor,-4.407041,8.340505,2,2,A277,TCGA-44-6146
6460f151-7102-476d-b03b-fb4ea776b1ea.rna_seq.augmented_star_gene_counts.tsv,Tumor,0.7707915,7.857132,1,1,A41B,TCGA-49-AARN
64a2d5cb-2892-4d2a-aa7a-cc1a6dec1c46.rna_seq.augmented_star_gene_counts.tsv,Tumor,4.820007,6.0150566,1,1,A24X,TCGA-MP-A4TA
6531e137-3d23-44e7-af10-51e9cc517192.rna_seq.augmented_star_gene_counts.tsv,Tumor,5.3110733,9.21478,0,3,2403,TCGA-78-8662
6545e778-687c-4b82-b6b6-b5d438879069.rna_seq.augmented_star_gene_counts.tsv,Tumor,5.2104087,9.499185,0,3,2066,TCGA-78-7535
655b5152-d150-4b2a-b7cc-ef70dc0b2256.rna_seq.augmented_star_gene_counts.tsv,Tumor,2.366449,9.443225,0,1,0946,TCGA-44-2666
65a2c4cf-7c84-4ca8-a37e-8deecb6ef026.rna_seq.augmented_star_gene_counts.tsv,Tumor,4.095194,6.903751,1,3,2066,TCGA-86-7711
6667948a-1834-4572-a1b3-3bc9096650e8.rna_seq.augmented_star_gene_counts.tsv,Tumor,4.9384093,8.281688,0,1,2066,TCGA-78-7542
673621c0-f5d4-4eea-a0ae-469214a70e82.rna_seq.augmented_star_gene_counts.tsv,Tumor,5.2696595,5.852933,1,2,2066,TCGA-78-7166
67fc0674-3f48-41ec-a650-7efaa41607fa.rna_seq.augmented_star_gene_counts.tsv,Tumor,1.5082604,9.137947,1,1,A262,TCGA-NJ-A55A
6804af50-1b4f-4872-83b8-bae24d398cb4.rna_seq.augmented_star_gene_counts.tsv,Tumor,4.1443143,9.006256,0,2,A39D,TCGA-L9-A7SV
681308e4-1122-4343-9d6b-63df6a39d302.rna_seq.augmented_star_gene_counts.tsv,Tumor,3.2817864,4.9494386,1,1,A262,TCGA-MP-A4TH
68f5d95d-e7ae-46d3-b836-e741fde98f23.rna_seq.augmented_star_gene_counts.tsv,Tumor,2.1648917,7.973365,1,1,1206,TCGA-73-4662
6906b453-44ef-404a-9fe6-2b4d5fa65110.rna_seq.augmented_star_gene_counts.tsv,Tumor,1.4501351,8.46953,1,1,1107,TCGA-44-2661
6a8d149a-963f-4e36-a031-aef7b057452b.rna_seq.augmented_star_gene_counts.tsv,Normal,6.5187755,12.028963,0,3,1628,TCGA-50-5936
6aa56177-0576-454d-81e8-28aa9ce76406.rna_seq.augmented_star_gene_counts.tsv,Tumor,4.41563,8.023795,1,1,A24X,TCGA-MP-A4TI
6af2f60a-15cf-401e-8e3b-e44637fbd92e.rna_seq.augmented_star_gene_counts.tsv,Normal,6.7186193,12.629752,0,2,1628,TCGA-44-5645
6b48d62b-0932-48df-9448-ae6dcb8853b2.rna_seq.augmented_star_gene_counts.tsv,Tumor,4.4856477,8.46707,0,1,2326,TCGA-55-8302
6b51d2ce-51ed-4b34-890d-9f83d363118c.rna_seq.augmented_star_gene_counts.tsv,Tumor,1.9230434,9.094113,1,1,2187,TCGA-93-7347
6c438dcf-6ec0-4bf7-8122-875490967b70.rna_seq.augmented_star_gene_counts.tsv,Tumor,4.180467,3.8903973,1,2,A262,TCGA-MP-A5C7
6d614e24-5a82-409e-bb6e-c52c5f53efd5.rna_seq.augmented_star_gene_counts.tsv,Normal,6.614997,11.899191,0,3,1758,TCGA-44-2662
6e2e3178-73ad-4590-a56b-bb7fd9984acd.rna_seq.augmented_star_gene_counts.tsv,Tumor,1.6513468,4.470398,1,3,1949,TCGA-55-6969
6efebff1-f165-415e-9001-45a782638785.rna_seq.augmented_star_gene_counts.tsv,Tumor,1.8713439,8.090037,1,1,1858,TCGA-49-6744
6f53a60f-3be2-48df-a15a-4675e99efba1.rna_seq.augmented_star_gene_counts.tsv,Tumor,3.6951706,8.604225,1,1,1755,TCGA-38-4632
6f6bf240-1ca4-47d0-9a77-17b0ce9b8ae7.rna_seq.augmented_star_gene_counts.tsv,Tumor,2.946265,6.5884867,1,1,0946,TCGA-55-1592
7086e8ce-d1e5-4901-ac33-31c299f46356.rna_seq.augmented_star_gene_counts.tsv,Tumor,1.9749315,7.1796412,1,1,2241,TCGA-55-8204
70d623a4-5140-4010-8eed-5f95a9fdd168.rna_seq.augmented_star_gene_counts.tsv,Tumor,-4.6833124,8.376267,2,3,A96R,TCGA-05-4245
71809317-f775-4faa-b1c6-40bae85c69aa.rna_seq.augmented_star_gene_counts.tsv,Tumor,2.4829717,8.075437,1,1,A24X,TCGA-93-A4JQ
72726dc4-fa08-4e34-9539-29ddb19dd782.rna_seq.augmented_star_gene_counts.tsv,Tumor,2.6942103,9.868083,0,1,1206,TCGA-49-4501
7276835e-ce0e-4fc6-a329-27d936c136ba.rna_seq.augmented_star_gene_counts.tsv,Tumor,3.5251417,3.9617212,1,2,2241,TCGA-55-8094
72fe0e80-b3e6-4249-8345-fb9ff8d2ca9b.rna_seq.augmented_star_gene_counts.tsv,Tumor,4.911777,9.640797,0,3,2170,TCGA-69-7760
731c955b-e1e8-462a-9c94-64310f2d7eae.rna_seq.augmented_star_gene_counts.tsv,Tumor,4.3385496,7.0414767,1,2,A24X,TCGA-MN-A4N4
73559b1e-ad93-432f-a7bb-c3946d4120d4.rna_seq.augmented_star_gene_counts.tsv,Tumor,1.6316038,4.368154,1,2,1628,TCGA-64-5779
735e3d15-4df3-4162-b819-1ebc1991bfce.rna_seq.augmented_star_gene_counts.tsv,Tumor,-0.38131,7.3539524,1,2,1755,TCGA-44-6146
73babed8-f934-42c7-9020-30f7c3e1766d.rna_seq.augmented_star_gene_counts.tsv,Tumor,2.456388,9.66148,0,1,1755,TCGA-50-5935
73d96384-ebea-4467-8663-ada78336233c.rna_seq.augmented_star_gene_counts.tsv,Tumor,3.666663,8.131086,1,1,2170,TCGA-55-7911
73fc90cb-2b56-4a6b-8083-42f6647a2478.rna_seq.augmented_star_gene_counts.tsv,Tumor,5.331079,8.859154,0,3,1949,TCGA-75-6214
743f08af-5537-4454-a219-18639e5127c6.rna_seq.augmented_star_gene_counts.tsv,Tumor,4.8797154,8.452848,0,2,1206,TCGA-73-4666
74aaf5e2-be23-49b1-b694-3a3dde306a5d.rna_seq.augmented_star_gene_counts.tsv,Tumor,-0.36344343,7.3508983,1,1,2241,TCGA-55-7284
74ab82a4-a55b-4e4c-b3f5-1f9317860914.rna_seq.augmented_star_gene_counts.tsv,Tumor,4.5863132,7.5106063,1,2,2170,TCGA-55-7726
758b1a4d-bd46-4611-b8c3-49c5f62a2dab.rna_seq.augmented_star_gene_counts.tsv,Tumor,-4.7088532,8.363503,2,1,A277,TCGA-44-3918
75eaaf2c-7cd9-416d-88c0-7c5502db9ab5.rna_seq.augmented_star_gene_counts.tsv,Tumor,2.3407152,9.848794,0,2,0946,TCGA-67-3773
7623e22f-3401-47b3-be94-23f5da20ee0d.rna_seq.augmented_star_gene_counts.tsv,Tumor,4.5262856,4.072706,1,1,1858,TCGA-44-6776
76413057-e8a8-42b7-b545-897e3b32580d.rna_seq.augmented_star_gene_counts.tsv,Tumor,3.7594507,5.036896,1,1,2039,TCGA-78-7152
7643fc1a-086e-4ea5-9766-3dde13cc00b4.rna_seq.augmented_star_gene_counts.tsv,Tumor,4.5239997,4.0147414,1,2,1755,TCGA-75-6206
764d71c7-f003-4cf6-851e-1587f12b4a69.rna_seq.augmented_star_gene_counts.tsv,Tumor,3.087493,7.5669107,1,2,1206,TCGA-73-4668
765dc4a5-ce4d-4437-9061-20c018bbbade.rna_seq.augmented_star_gene_counts.tsv,Tumor,-4.6786556,8.4635935,2,2,A278,TCGA-44-3918
772dcecf-b53d-42e2-8161-f48030150aa0.rna_seq.augmented_star_gene_counts.tsv,Tumor,5.0601287,10.772679,0,2,1755,TCGA-50-5944
77322072-2a7f-49e6-a9d1-c521c25acd70.rna_seq.augmented_star_gene_counts.tsv,Tumor,3.8341591,9.794774,0,1,2187,TCGA-69-7980
77b82c3f-e20c-4e3b-a55c-08af359bbb6e.rna_seq.augmented_star_gene_counts.tsv,Tumor,4.2477164,9.455746,0,1,0946,TCGA-44-2665
77ca7978-5bc4-4264-8ca3-db132049c8a8.rna_seq.augmented_star_gene_counts.tsv,Tumor,2.5407767,8.438129,1,1,2241,TCGA-55-8096
78bf9571-4145-4c0d-a61a-58a878351097.rna_seq.augmented_star_gene_counts.tsv,Tumor,2.3778558,9.647149,0,1,A39D,TCGA-L9-A50W
78e95f3e-1067-48a8-9429-dfdd6f587066.rna_seq.augmented_star_gene_counts.tsv,Tumor,3.6915162,9.377122,0,1,1949,TCGA-55-6980
7977a11b-246f-4c4c-a200-ee35d2d51fc5.rna_seq.augmented_star_gene_counts.tsv,Tumor,2.4103258,8.494217,1,1,1858,TCGA-44-6775
79e12f4d-94d7-45f8-b251-6b0fcbb6b885.rna_seq.augmented_star_gene_counts.tsv,Tumor,4.30539,7.8827276,1,1,2403,TCGA-86-8673
7a7440bf-1ca1-4c6b-80f8-7151a38e5d18.rna_seq.augmented_star_gene_counts.tsv,Tumor,4.51986,10.365793,0,2,1755,TCGA-67-6215
7b07706f-a1b4-4f18-a276-0822b578cc40.rna_seq.augmented_star_gene_counts.tsv,Tumor,2.0396996,7.861561,1,1,1755,TCGA-50-5941
7d46888b-282b-4f43-a09a-ff44bd1af110.rna_seq.augmented_star_gene_counts.tsv,Tumor,3.6696165,9.164119,0,1,2066,TCGA-64-1679
7d9c7c34-76e0-4622-b5f7-60e12f6d4e07.rna_seq.augmented_star_gene_counts.tsv,Tumor,3.008117,4.0528774,1,1,2241,TCGA-55-7913
7eab2708-6708-4f8e-b238-e06007754e7e.rna_seq.augmented_star_gene_counts.tsv,Tumor,3.7325518,4.9116797,1,1,1206,TCGA-49-4510
7ec16b5a-7a86-4a22-9f1c-74d42ab1f43d.rna_seq.augmented_star_gene_counts.tsv,Tumor,5.0115967,6.324441,1,2,1206,TCGA-49-4506
7ecd6087-9663-4d9d-828d-d9e9b5241c3c.rna_seq.augmented_star_gene_counts.tsv,Tumor,4.4804173,4.1348276,1,1,2403,TCGA-86-8674
7edd63ce-c5bb-4209-b8c8-98af0fae03ed.rna_seq.augmented_star_gene_counts.tsv,Tumor,5.3234625,7.739565,1,3,A41B,TCGA-49-AAR9
7f9b4506-b00b-4b6f-8469-d0e4a73df1d4.rna_seq.augmented_star_gene_counts.tsv,Tumor,4.620484,8.804954,0,1,1858,TCGA-49-6745
80416b83-9ea2-4d33-8ba4-1fe9330d51f2.rna_seq.augmented_star_gene_counts.tsv,Tumor,1.6586152,8.485643,1,1,2403,TCGA-86-8671
80ef527d-5511-4944-a1b3-1426d98294b7.rna_seq.augmented_star_gene_counts.tsv,Normal,6.2306604,12.857397,0,1,1949,TCGA-55-6985
812033b2-3784-44bf-8913-56307b267ea9.rna_seq.augmented_star_gene_counts.tsv,Tumor,-4.797293,8.398369,2,2,A277,TCGA-44-2668
819e9776-131f-4c00-b93c-9936cbcc55b8.rna_seq.augmented_star_gene_counts.tsv,Tumor,4.6648245,4.402352,1,1,1755,TCGA-05-4384
81a33f6c-0195-45c5-87e7-7748838d0a4e.rna_seq.augmented_star_gene_counts.tsv,Tumor,3.6111944,5.0595756,1,1,2170,TCGA-69-7764
81e85e60-a0b6-4898-8cb0-02ac1a70f157.rna_seq.augmented_star_gene_counts.tsv,Tumor,2.2973878,8.474056,1,1,1107,TCGA-44-3919
828b6221-7b05-4e5f-aee0-0234f06fb81e.rna_seq.augmented_star_gene_counts.tsv,Tumor,4.417799,6.048975,1,1,A262,TCGA-MP-A4TF
841e54a1-9d65-4256-b70e-eb64659b40a4.rna_seq.augmented_star_gene_counts.tsv,Tumor,2.3026361,7.3783426,1,2,A24H,TCGA-L9-A444
84595c09-6f85-4a1d-98fa-7d9bc9dc2c28.rna_seq.augmented_star_gene_counts.tsv,Tumor,4.972332,9.93865,0,1,2241,TCGA-95-8039
8536c3c1-1e75-4ebc-b792-30d7d228a117.rna_seq.augmented_star_gene_counts.tsv,Tumor,2.4385817,4.983027,1,1,2066,TCGA-44-7669
868157f2-85e5-462c-9994-1e50791ad2c0.rna_seq.augmented_star_gene_counts.tsv,Tumor,1.6044164,8.156369,1,1,1628,TCGA-50-5068
87bac569-d647-4a76-8e33-6ce085888138.rna_seq.augmented_star_gene_counts.tsv,Normal,6.542738,12.894355,0,2,1755,TCGA-50-5933
882d1be3-1f82-41e7-8538-1ef513efef32.rna_seq.augmented_star_gene_counts.tsv,Tumor,2.3377101,8.613682,1,1,1206,TCGA-05-4402
883ef55a-e8c0-4774-a298-d2bfeaeeae4b.rna_seq.augmented_star_gene_counts.tsv,Tumor,-4.7515492,8.402805,2,3,A278,TCGA-44-2662
8885b4e5-f8e7-4198-b7ce-bc5c754f504d.rna_seq.augmented_star_gene_counts.tsv,Normal,6.589167,12.203609,0,3,1858,TCGA-50-6595
888e2a67-2478-4680-9b48-163789783c7b.rna_seq.augmented_star_gene_counts.tsv,Normal,6.780467,12.298691,0,2,1858,TCGA-49-6743
8929ea12-e12a-4660-ac19-72b4e7bd2e9a.rna_seq.augmented_star_gene_counts.tsv,Tumor,4.039103,7.4179444,1,2,1755,TCGA-75-6205
894424ab-29c3-4f41-88e7-f59d0df10c28.rna_seq.augmented_star_gene_counts.tsv,Tumor,3.724999,10.110189,0,1,1755,TCGA-05-4425
897e33bc-3862-47bc-8277-a9b1b5371802.rna_seq.augmented_star_gene_counts.tsv,Tumor,1.7646677,8.127477,1,1,A24H,TCGA-55-A48X
89bcf4e2-f855-4035-bf0d-fe4917248223.rna_seq.augmented_star_gene_counts.tsv,Tumor,2.5991557,5.5178804,1,1,1949,TCGA-55-6971
8a44c8a0-142b-48bb-9809-69914811bacc.rna_seq.augmented_star_gene_counts.tsv,Tumor,3.5158482,8.982445,0,1,1755,TCGA-50-6593
8a6d64cc-3f03-4a5d-b6ce-83fa9c7f7d07.rna_seq.augmented_star_gene_counts.tsv,Tumor,5.2470365,7.09281,1,2,2187,TCGA-55-7995
8b3aec43-4c75-4598-bf0a-168f7ffb9f3b.rna_seq.augmented_star_gene_counts.tsv,Tumor,4.345732,10.420478,0,1,0946,TCGA-64-1680
8bd7c2cf-7960-46ca-9373-1c19557dd0aa.rna_seq.augmented_star_gene_counts.tsv,Tumor,7.4159117,12.942728,0,1,A39D,TCGA-99-AA5R
8c55ee80-c8c3-4196-9b67-81732fffe9f4.rna_seq.augmented_star_gene_counts.tsv,Tumor,2.867355,6.601227,1,1,1949,TCGA-91-6840
8ce815e6-3c63-4cbf-8480-4f07867f18da.rna_seq.augmented_star_gene_counts.tsv,Tumor,3.7782302,9.968426,0,1,2187,TCGA-69-7974
8d438e20-04cb-4b39-b3a9-96a3a35de104.rna_seq.augmented_star_gene_counts.tsv,Tumor,0.24954854,7.6525245,1,1,2403,TCGA-55-8513
8da65700-04c7-444d-826e-ec2e692b257b.rna_seq.augmented_star_gene_counts.tsv,Tumor,3.565261,5.220827,1,1,A24X,TCGA-97-A4M2
8dc8ccd2-a842-4a48-a8db-007855733fc0.rna_seq.augmented_star_gene_counts.tsv,Tumor,5.0699716,9.809294,0,1,1858,TCGA-49-4490
8e1fcc77-bf23-42e4-949f-d429f7211dd6.rna_seq.augmented_star_gene_counts.tsv,Tumor,1.5284116,8.541276,1,1,2403,TCGA-86-8668
8f55fdd2-25cb-40dc-809e-2ddbdadd34c3.rna_seq.augmented_star_gene_counts.tsv,Normal,6.454032,12.805556,0,2,1758,TCGA-44-3398
8fa3359f-1e40-448a-aae8-a955c1ca3323.rna_seq.augmented_star_gene_counts.tsv,Tumor,4.9933133,5.17485,1,1,2403,TCGA-97-8176
905e32cb-a5bd-46a4-ac0f-32585e042695.rna_seq.augmented_star_gene_counts.tsv,Tumor,5.4398074,8.679994,0,3,1949,TCGA-91-6847
91181a9c-3113-47b6-8d1c-8173f9eac675.rna_seq.augmented_star_gene_counts.tsv,Tumor,3.2855132,7.399811,1,1,1858,TCGA-55-6712
918be5f7-a963-406f-8ce4-0a3e528998e5.rna_seq.augmented_star_gene_counts.tsv,Tumor,4.9834604,5.284423,1,1,2326,TCGA-62-8398
91e79d93-01a8-4908-805a-12678d68a543.rna_seq.augmented_star_gene_counts.tsv,Tumor,3.5700445,9.989398,0,1,A24H,TCGA-86-A456
9207fbc6-99eb-4535-8c02-c8bba5875c1b.rna_seq.augmented_star_gene_counts.tsv,Tumor,2.0406656,4.2919025,1,1,1755,TCGA-75-6211
921aa14f-d674-4ecf-b4fd-ca846acc9fa3.rna_seq.augmented_star_gene_counts.tsv,Tumor,5.011178,6.57891,1,1,0946,TCGA-55-1596
925a2268-1a0a-402b-8bb1-e6fa32521afe.rna_seq.augmented_star_gene_counts.tsv,Tumor,2.366539,8.791203,1,1,2287,TCGA-86-8278
929a50ee-02a9-44f5-8078-e4020a89263f.rna_seq.augmented_star_gene_counts.tsv,Tumor,4.3045244,8.307296,1,2,2187,TCGA-55-7994
9301f86d-9d6f-4aa6-a640-a543b5aea5db.rna_seq.augmented_star_gene_counts.tsv,Tumor,4.170922,7.7173524,1,2,1206,TCGA-38-4625
9343d3bd-0f60-49c3-8625-31a8a7a846c4.rna_seq.augmented_star_gene_counts.tsv,Tumor,4.1971993,10.078312,0,1,1858,TCGA-91-6835
93f32fe3-cb5b-4910-bf06-e20c876cd8a5.rna_seq.augmented_star_gene_counts.tsv,Tumor,4.500484,4.0519767,1,1,2039,TCGA-78-7149
9446312e-b87c-411c-b9a3-a19603eff965.rna_seq.augmented_star_gene_counts.tsv,Tumor,3.4847653,10.004429,0,1,1628,TCGA-05-5715
962d56c6-0e10-4b55-9c4d-dbb89c983d74.rna_seq.augmented_star_gene_counts.tsv,Tumor,5.004163,7.6850023,1,3,2039,TCGA-78-7155
96780e00-b519-4bec-a49b-c2cc2d19a744.rna_seq.augmented_star_gene_counts.tsv,Tumor,3.4066746,9.325243,0,1,1949,TCGA-55-6981
96f7dff7-660b-4700-88b3-6479ad02f20c.rna_seq.augmented_star_gene_counts.tsv,Tumor,2.249579,4.827574,1,1,0946,TCGA-55-1594
978fb63c-dae9-4037-81c9-598e87341931.rna_seq.augmented_star_gene_counts.tsv,Tumor,2.79385,8.96246,1,1,1206,TCGA-38-4627
981bfd73-1d4c-47c0-870a-b9a6300858dc.rna_seq.augmented_star_gene_counts.tsv,Tumor,4.912892,6.029846,1,2,1858,TCGA-05-4415
98a4b8cc-fd54-454c-adcd-6fe9ae159a3b.rna_seq.augmented_star_gene_counts.tsv,Tumor,4.5614023,10.610591,0,1,2039,TCGA-55-7283
98d020b1-0467-4131-a3cc-64d288d0e9e7.rna_seq.augmented_star_gene_counts.tsv,Tumor,1.868006,8.001047,1,1,2039,TCGA-38-7271
98f4637a-4953-4f52-b90a-c768d005a3e7.rna_seq.augmented_star_gene_counts.tsv,Tumor,4.5106535,10.731757,0,3,2287,TCGA-97-8171
98f9eaa2-866f-4223-ad25-f93020214b4e.rna_seq.augmented_star_gene_counts.tsv,Tumor,3.8665981,7.5926204,1,2,2241,TCGA-55-8205
99c5c1c4-851a-42a4-b5a2-dd9da2959343.rna_seq.augmented_star_gene_counts.tsv,Tumor,2.3767207,8.274513,1,1,1628,TCGA-75-5147
9a0910ce-634b-47b6-a63c-caaf219e0b55.rna_seq.augmented_star_gene_counts.tsv,Tumor,4.61603,4.183021,1,1,2241,TCGA-J2-8194
9a54be5e-6201-4beb-9689-289b9849756e.rna_seq.augmented_star_gene_counts.tsv,Tumor,-4.845112,8.388691,2,3,A278,TCGA-44-2668
9a5e0fa6-a785-4d8e-bca5-43e02a3965bf.rna_seq.augmented_star_gene_counts.tsv,Tumor,1.4094738,8.103103,1,1,1755,TCGA-44-6147
9aa5eb7d-1d54-47f6-aeeb-59be4880f004.rna_seq.augmented_star_gene_counts.tsv,Tumor,1.6029422,8.469006,1,1,2287,TCGA-86-8280
9aba4243-1817-4f5f-8e9d-66da98229246.rna_seq.augmented_star_gene_counts.tsv,Tumor,-4.644399,8.478293,2,3,A278,TCGA-44-4112
9b4a912b-c42b-4a3a-8723-58b4dcb85949.rna_seq.augmented_star_gene_counts.tsv,Tumor,1.6128093,8.180816,1,1,2066,TCGA-53-7626
9ba0ff4b-4276-45ee-a543-a2e837777923.rna_seq.augmented_star_gene_counts.tsv,Tumor,2.7168992,4.577444,1,3,1628,TCGA-55-5899
9bfd464b-419a-43c0-929a-c1d219713a6f.rna_seq.augmented_star_gene_counts.tsv,Tumor,5.1332674,10.9412985,0,1,1206,TCGA-38-4626
9c36a1ac-944e-49d4-888c-bfffc20a4ba6.rna_seq.augmented_star_gene_counts.tsv,Normal,6.7177505,12.450332,0,2,1858,TCGA-44-6147
9c92bdc5-8b9b-4843-82a4-2fa6ee4d40a3.rna_seq.augmented_star_gene_counts.tsv,Tumor,2.0547283,3.9781814,1,1,1206,TCGA-05-4420
9ce317be-70dc-4dd2-86b5-e6f79be6f10b.rna_seq.augmented_star_gene_counts.tsv,Tumor,4.9303107,10.740063,0,2,A262,TCGA-O1-A52J
9d2f9191-338e-49ea-a887-a808cdf2703f.rna_seq.augmented_star_gene_counts.tsv,Tumor,3.1620715,4.729046,1,1,2039,TCGA-78-7153
9d305ba3-6558-42ed-959c-4182de1c8ebb.rna_seq.augmented_star_gene_counts.tsv,Tumor,2.8844676,8.484824,1,1,2187,TCGA-73-7499
9e504ab4-85a0-465d-be52-0c28ed83e5f8.rna_seq.augmented_star_gene_counts.tsv,Tumor,-4.6183715,8.259361,2,2,A278,TCGA-44-5645
9ebc079c-069f-4468-8b9e-680e39a3c4ad.rna_seq.augmented_star_gene_counts.tsv,Tumor,4.093579,7.439696,1,2,1206,TCGA-38-4629
9ef1e12b-70d8-482c-b75f-6c69afd6e2ff.rna_seq.augmented_star_gene_counts.tsv,Normal,6.3113523,12.787059,0,2,1858,TCGA-91-6835
9f030a01-eef7-4885-8edc-316fe88860d7.rna_seq.augmented_star_gene_counts.tsv,Tumor,1.8509308,3.9721763,1,1,2039,TCGA-78-7159
9f4c2cc8-8675-43be-98bb-004c45ba5a51.rna_seq.augmented_star_gene_counts.tsv,Tumor,3.4227824,5.081236,1,1,2170,TCGA-91-7771
9f938aa7-9fc1-4893-aee4-15ab668b9260.rna_seq.augmented_star_gene_counts.tsv,Tumor,4.087382,10.180789,0,2,2241,TCGA-55-8207
9f97863a-5019-41de-a095-dd20c4d55e02.rna_seq.augmented_star_gene_counts.tsv,Tumor,-4.7739487,8.405675,2,2,A277,TCGA-44-2656
9fde5e1d-5b86-411d-b194-3eb3c6305ebd.rna_seq.augmented_star_gene_counts.tsv,Tumor,2.7944894,7.4692826,1,1,A24X,TCGA-MP-A4TK
a0c9ebdf-951b-4d8d-aa79-3ff1c82342cd.rna_seq.augmented_star_gene_counts.tsv,Tumor,1.7333262,9.15927,1,1,2066,TCGA-44-7659
a0ead79b-f99c-46d1-a092-4cb98291bdcc.rna_seq.augmented_star_gene_counts.tsv,Tumor,-4.714006,8.446396,2,1,A277,TCGA-44-6775
a126e83e-3907-487d-901a-4cfb91d5807a.rna_seq.augmented_star_gene_counts.tsv,Normal,7.2494216,13.114012,0,2,1858,TCGA-44-6777
a27393cf-e1e1-427f-9a96-40e2ab1af0d1.rna_seq.augmented_star_gene_counts.tsv,Normal,6.162705,12.568397,0,2,1858,TCGA-91-6829
a3069465-cb5b-43ef-aad9-73af4534b795.rna_seq.augmented_star_gene_counts.tsv,Normal,6.7039723,12.6487255,0,2,1858,TCGA-49-4490
a308a190-de5d-401c-a030-e089cb6d39db.rna_seq.augmented_star_gene_counts.tsv,Tumor,4.5047836,4.2450886,1,1,0946,TCGA-35-3615
a43440a1-25e9-4841-8cc0-b5c5ebc4a8b7.rna_seq.augmented_star_gene_counts.tsv,Normal,7.1639543,12.966885,0,2,1949,TCGA-55-6980
a4a57e8f-cf4f-4322-b7fe-2336a58cd50f.rna_seq.augmented_star_gene_counts.tsv,Tumor,1.7910551,4.146517,1,1,2170,TCGA-86-7701
a4f3f3fa-b161-402b-bc1a-1dddd6be8097.rna_seq.augmented_star_gene_counts.tsv,Tumor,6.136473,12.788224,0,1,2403,TCGA-55-8512
a585711d-48a4-45bd-bb45-f9d2a7717af0.rna_seq.augmented_star_gene_counts.tsv,Tumor,4.659089,4.0865245,1,2,A24H,TCGA-55-A492
a5f6ddd7-f795-4920-b714-ed86942953e3.rna_seq.augmented_star_gene_counts.tsv,Tumor,4.790515,9.387914,0,1,2287,TCGA-97-8175
a6a6b9c6-9db7-42b3-a09f-770b7e126fbb.rna_seq.augmented_star_gene_counts.tsv,Tumor,5.0085616,7.0969687,1,2,1628,TCGA-35-5375
a6a841ae-f63f-45ab-9a17-2288e12a9577.rna_seq.augmented_star_gene_counts.tsv,Tumor,-0.42981514,7.272691,1,1,1858,TCGA-05-4433
a6caa89b-29fc-46cf-8d6b-a6c0241be6d7.rna_seq.augmented_star_gene_counts.tsv,Tumor,2.3045444,7.131502,1,2,2287,TCGA-55-8301
a7517dae-ab9e-42eb-a512-eb0ca6f89166.rna_seq.augmented_star_gene_counts.tsv,Normal,6.333536,12.010283,0,3,1949,TCGA-55-6981
a787801a-cb3f-4a1f-b14c-ed8f2bfd6028.rna_seq.augmented_star_gene_counts.tsv,Tumor,2.1391475,9.62081,0,2,1755,TCGA-75-6212
a7c58df0-fffc-4a80-85c4-2dab24b2edc2.rna_seq.augmented_star_gene_counts.tsv,Tumor,0.40068445,7.715556,1,1,2039,TCGA-97-7552
a84ef848-a790-4e90-96b4-45b24c3aaaf4.rna_seq.augmented_star_gene_counts.tsv,Normal,6.917277,12.2722645,0,3,1628,TCGA-50-5939
a8d269f5-ebc9-4b2a-9cd9-7019204a246f.rna_seq.augmented_star_gene_counts.tsv,Tumor,5.015277,5.203,1,1,2287,TCGA-93-8067
a9a12604-5100-4e45-b7f8-7e7c0d02a139.rna_seq.augmented_star_gene_counts.tsv,Tumor,3.9651625,4.7545757,1,1,2066,TCGA-78-7162
aa0b2722-97db-4b5a-9a56-213f63255097.rna_seq.augmented_star_gene_counts.tsv,Tumor,0.43311784,7.792706,1,1,2287,TCGA-69-8254
aa2d6144-50d3-4096-9ecf-3cc0ceac7f41.rna_seq.augmented_star_gene_counts.tsv,Tumor,2.5389767,7.6974697,1,1,1628,TCGA-50-5045
aa305f5b-4c1d-4bc7-81d5-b2b999b327af.rna_seq.augmented_star_gene_counts.tsv,Tumor,2.1970127,7.469794,1,2,2039,TCGA-97-7554
aa764c7d-2e26-4e8c-94d3-870772bad93f.rna_seq.augmented_star_gene_counts.tsv,Tumor,3.4726756,7.8198004,1,2,A466,TCGA-55-A490
aa85d7ef-5884-4eb4-a78b-3023d2e01a8b.rna_seq.augmented_star_gene_counts.tsv,Normal,7.267406,12.888901,0,2,1949,TCGA-55-6968
aab7b2a0-4181-4556-b1a8-28d31f98a43c.rna_seq.augmented_star_gene_counts.tsv,Tumor,2.2218618,4.088649,1,1,A466,TCGA-MP-A4TE
aac03db2-1e90-4c0e-9094-4df06abeb84d.rna_seq.augmented_star_gene_counts.tsv,Tumor,1.6447079,4.163934,1,1,2403,TCGA-55-8508
aae80a97-730b-4180-93de-56ddbb262419.rna_seq.augmented_star_gene_counts.tsv,Tumor,2.3053238,8.826513,1,1,1206,TCGA-05-4430
ab0a7727-00ee-40fa-b5f5-a69234473e4a.rna_seq.augmented_star_gene_counts.tsv,Tumor,1.5652627,9.150647,1,1,1755,TCGA-50-5942
ab589a7b-7cc9-4257-8fd7-241d2e3658da.rna_seq.augmented_star_gene_counts.tsv,Tumor,1.6008717,8.137411,1,1,1107,TCGA-44-2657
acbeca74-24ec-4e54-98e6-d3f59475dde9.rna_seq.augmented_star_gene_counts.tsv,Tumor,4.2928877,9.931103,0,2,2039,TCGA-55-7281
ad3180d3-8ae4-4446-9292-dd0c464b03c9.rna_seq.augmented_star_gene_counts.tsv,Tumor,3.6277273,8.547044,1,1,2090,TCGA-50-5066
ad73d464-c21b-4d07-9f89-a322f9366f1c.rna_seq.augmented_star_gene_counts.tsv,Normal,6.202294,12.704013,0,2,1949,TCGA-55-6978
aea4fa60-a890-453e-8ba6-6f4f3d5ed084.rna_seq.augmented_star_gene_counts.tsv,Tumor,4.700866,6.2231135,1,1,1206,TCGA-73-4670
aec36454-d9a1-4d51-90c6-561f219b6aee.rna_seq.augmented_star_gene_counts.tsv,Tumor,1.8347081,9.57412,1,1,2241,TCGA-55-8206
aeea81c2-afda-410d-a0bb-955e7cddda09.rna_seq.augmented_star_gene_counts.tsv,Tumor,0.32995087,7.6642904,1,1,A24H,TCGA-38-A44F
aefc9460-27d4-4d7f-8167-baa2a80935b7.rna_seq.augmented_star_gene_counts.tsv,Tumor,3.108419,4.067433,1,1,1949,TCGA-75-7031
af276b15-2dc4-4724-bbf5-1be8224b7f73.rna_seq.augmented_star_gene_counts.tsv,Tumor,1.4821205,7.5945716,1,1,2170,TCGA-55-7724
af407c3f-2dad-4fb9-850e-4a79b361589b.rna_seq.augmented_star_gene_counts.tsv,Tumor,2.287636,5.1263976,1,3,1949,TCGA-55-6968
af649713-fb41-496a-a94b-3691d202c1c8.rna_seq.augmented_star_gene_counts.tsv,Tumor,-4.7417483,8.3913355,2,3,A278,TCGA-44-2665
afccc865-1d58-475d-b85c-0d7eca330b0e.rna_seq.augmented_star_gene_counts.tsv,Tumor,5.103721,10.074862,0,2,2170,TCGA-86-7714
b0747254-d7fd-4ec9-96b1-d132540c4b46.rna_seq.augmented_star_gene_counts.tsv,Tumor,4.639144,9.986524,0,2,2403,TCGA-55-8514
b1d9364c-d703-4884-b96d-20d8084040a8.rna_seq.augmented_star_gene_counts.tsv,Tumor,2.747255,4.1325593,1,2,0946,TCGA-64-1678
b277d25a-5485-465a-bef3-db30dc75caa8.rna_seq.augmented_star_gene_counts.tsv,Normal,6.7403755,12.513231,0,2,1858,TCGA-49-6744
b307f8c5-d21f-42ae-9771-07126d58999e.rna_seq.augmented_star_gene_counts.tsv,Tumor,2.3848176,7.77017,1,1,0946,TCGA-44-2656
b3c9ca27-6b77-4abd-92d5-45d48d34ba42.rna_seq.augmented_star_gene_counts.tsv,Normal,6.074439,12.355034,0,2,1858,TCGA-91-6828
b3f38fc5-d1e6-4fd9-bd36-b413a3ac850e.rna_seq.augmented_star_gene_counts.tsv,Tumor,3.209072,5.1086936,1,1,1206,TCGA-05-4422
b4a1a796-8bce-4b44-b4ed-fd7bf4c81b3b.rna_seq.augmented_star_gene_counts.tsv,Tumor,6.0802736,12.637771,0,1,A24X,TCGA-93-A4JP
b4dff9fc-6dab-42bc-8d32-7143e0d94043.rna_seq.augmented_star_gene_counts.tsv,Normal,6.340874,12.804504,0,2,1858,TCGA-44-6148
b556d35a-4855-4e56-9e02-5fc939722169.rna_seq.augmented_star_gene_counts.tsv,Tumor,-4.653527,8.488079,2,1,A278,TCGA-44-2656
b573a788-d117-48b0-9cab-c4ecbde82706.rna_seq.augmented_star_gene_counts.tsv,Tumor,2.4967597,4.1769614,1,1,1949,TCGA-55-6983
b57cc3e6-9017-48b7-9de9-74fe57d9bf6d.rna_seq.augmented_star_gene_counts.tsv,Tumor,3.1643765,6.051209,1,1,1949,TCGA-55-6987
b5909b96-7ef6-497a-802e-11805dc7ded7.rna_seq.augmented_star_gene_counts.tsv,Tumor,5.2219973,8.069597,0,3,1628,TCGA-64-5775
b5cadc0c-3088-4f81-9561-902c8ca44c2d.rna_seq.augmented_star_gene_counts.tsv,Tumor,2.0120518,9.437429,1,1,A24H,TCGA-J2-A4AE
b603c2a6-4366-415a-871e-5949a2a8a4b6.rna_seq.augmented_star_gene_counts.tsv,Tumor,1.3911424,7.8711686,1,1,2403,TCGA-55-8621
b6ddcda9-dad4-4e70-b12a-db197a496713.rna_seq.augmented_star_gene_counts.tsv,Tumor,1.7154931,9.298362,1,1,1949,TCGA-75-7025
b6e9752c-ad52-457d-a37c-78ffb7ddc520.rna_seq.augmented_star_gene_counts.tsv,Tumor,3.4754655,4.979754,1,2,2066,TCGA-78-7537
b70dcd97-e1e4-417c-a05f-b37acdde6684.rna_seq.augmented_star_gene_counts.tsv,Tumor,5.234154,9.000061,0,3,2326,TCGA-95-8494
b71b334c-768e-46f6-bc7e-c95a11f44f03.rna_seq.augmented_star_gene_counts.tsv,Tumor,4.601411,9.540513,0,2,2170,TCGA-55-7903
b7837fd0-426f-49dd-9de0-4e648b78f896.rna_seq.augmented_star_gene_counts.tsv,Normal,6.710846,12.100972,0,3,1858,TCGA-50-5931
b7f29b8c-08a8-4781-ba33-5a7b6b02ad23.rna_seq.augmented_star_gene_counts.tsv,Tumor,3.3637588,6.7534103,1,2,A262,TCGA-NJ-A4YQ
b7f9da49-2a09-4f32-af6c-980ccf75250b.rna_seq.augmented_star_gene_counts.tsv,Tumor,1.3288542,8.206346,1,1,2039,TCGA-93-7348
b8ae4b22-83b8-4cbf-9d3c-49092b7e0903.rna_seq.augmented_star_gene_counts.tsv,Tumor,3.092241,3.9520783,1,1,2241,TCGA-86-8054
b8e8f06f-a5a9-4d16-b39f-585dcee31087.rna_seq.augmented_star_gene_counts.tsv,Tumor,4.4966235,4.374381,1,1,0946,TCGA-44-2655
b95a1889-2ef5-4da3-b5e9-14b678c4d71a.rna_seq.augmented_star_gene_counts.tsv,Tumor,4.8794794,5.662373,1,1,1628,TCGA-50-5936
b99ff949-1922-4948-8d02-2ef2aa3dfb3b.rna_seq.augmented_star_gene_counts.tsv,Tumor,1.7544025,3.914006,1,1,2039,TCGA-50-7109
bae79640-8273-42a2-913e-3d29e00ccc4f.rna_seq.augmented_star_gene_counts.tsv,Tumor,3.5446208,8.893871,0,1,1755,TCGA-49-4488
bbb551fa-5173-4987-8de4-d596bf56897a.rna_seq.augmented_star_gene_counts.tsv,Normal,7.0663733,12.478663,0,3,1755,TCGA-50-5930
bc037eb7-5afa-4730-b896-23bf21a31641.rna_seq.augmented_star_gene_counts.tsv,Tumor,5.0520616,7.6190066,1,3,1206,TCGA-38-4630
bc46dd0e-3136-4d9b-8fc3-dee56d6e39cf.rna_seq.augmented_star_gene_counts.tsv,Normal,6.3916016,12.637866,0,2,1758,TCGA-38-4625
bc8b6dee-0f79-492f-85e1-c1a09d6f9680.rna_seq.augmented_star_gene_counts.tsv,Tumor,3.2521293,9.342314,0,1,2403,TCGA-78-8655
bcb20e91-2931-4694-8268-686aee414fe7.rna_seq.augmented_star_gene_counts.tsv,Tumor,3.9942117,7.862541,1,1,1755,TCGA-75-5125
bcc5593d-3d16-4d6f-a1b9-854423ede69e.rna_seq.augmented_star_gene_counts.tsv,Normal,6.576054,12.853075,0,2,1858,TCGA-49-6742
bd1e3dcd-31c4-4f7f-8e99-9ad0d1050294.rna_seq.augmented_star_gene_counts.tsv,Tumor,4.5457864,3.9611402,1,1,2066,TCGA-78-7167
bd84bab3-4614-4806-bfd1-dab3fca9d6fa.rna_seq.augmented_star_gene_counts.tsv,Tumor,4.133595,6.6407824,1,1,2403,TCGA-86-8585
be000bb2-fe39-4153-b000-df89033d412a.rna_seq.augmented_star_gene_counts.tsv,Normal,6.670422,12.568924,0,2,1758,TCGA-38-4627
be547f27-5157-4947-ad2a-c9d006dedabd.rna_seq.augmented_star_gene_counts.tsv,Tumor,5.0592046,5.3846474,1,1,2066,TCGA-44-7670
bfab8eeb-df99-4e79-a6f3-50915c18fc6c.rna_seq.augmented_star_gene_counts.tsv,Normal,6.2963614,11.843358,0,3,1755,TCGA-44-6144
c16f63fb-a468-48e8-b679-6e26b8457530.rna_seq.augmented_star_gene_counts.tsv,Tumor,2.4044197,9.736536,0,1,2170,TCGA-97-7938
c18d9cb5-17ca-4c49-bd72-4b4c6184fba3.rna_seq.augmented_star_gene_counts.tsv,Tumor,4.7504883,9.39354,0,1,A24H,TCGA-62-A472
c208cf0f-3922-4159-a7dd-76dccf9ff396.rna_seq.augmented_star_gene_counts.tsv,Tumor,2.857187,9.377485,0,1,1755,TCGA-67-6216
c29e5bb3-860d-4f1f-b27d-ae5b9d8c4208.rna_seq.augmented_star_gene_counts.tsv,Tumor,4.823405,7.769797,1,2,1628,TCGA-44-5643
c2c5b3f8-abe2-4112-9ddd-70056f268137.rna_seq.augmented_star_gene_counts.tsv,Tumor,3.766254,7.7763004,1,1,2326,TCGA-62-8399
c36d8349-6af1-4583-818d-cd3742ea97a7.rna_seq.augmented_star_gene_counts.tsv,Tumor,4.276347,8.33986,1,2,1755,TCGA-50-5946
c4115468-0566-49e2-a86f-9c7faf6388f5.rna_seq.augmented_star_gene_counts.tsv,Tumor,5.278514,6.312264,1,2,2187,TCGA-86-7955
c41a2347-8277-494e-90c6-f1918223388b.rna_seq.augmented_star_gene_counts.tsv,Tumor,2.9605412,8.787012,1,1,1755,TCGA-86-6562
c45c7b03-a317-4dac-ba0f-19989348cae3.rna_seq.augmented_star_gene_counts.tsv,Tumor,2.4983022,6.555013,1,1,2241,TCGA-55-8208
c55c7a04-580b-43e3-b138-f83bd3003875.rna_seq.augmented_star_gene_counts.tsv,Tumor,1.2439907,7.9772205,1,1,2039,TCGA-97-7553
c63de407-f025-4939-9633-6550724be88c.rna_seq.augmented_star_gene_counts.tsv,Tumor,5.1124177,6.75033,1,3,1858,TCGA-44-6779
c649e0cf-b787-4d0c-bab6-d81f7e491b15.rna_seq.augmented_star_gene_counts.tsv,Tumor,4.1014695,7.61178,1,2,1755,TCGA-75-5122
c6acc762-3909-4cc0-91c7-f66bc3f0e667.rna_seq.augmented_star_gene_counts.tsv,Tumor,4.9320297,6.454513,1,2,1206,TCGA-49-4507
c6b74844-5140-4c2e-b13d-fc50c2f2e9f1.rna_seq.augmented_star_gene_counts.tsv,Tumor,4.226255,10.173678,0,1,A262,TCGA-NJ-A4YG
c6bc9e5e-4116-4179-9a22-b75fc6bea73e.rna_seq.augmented_star_gene_counts.tsv,Normal,6.188784,11.953141,0,3,1858,TCGA-49-6745
c6bf25d8-abea-411f-bb80-6e6fefb82757.rna_seq.augmented_star_gene_counts.tsv,Tumor,3.3063982,3.9145532,1,1,2403,TCGA-55-8615
c6dd2eb6-2297-4dc0-8cae-c7a6b733a1c2.rna_seq.augmented_star_gene_counts.tsv,Tumor,3.5017335,7.007316,1,2,1628,TCGA-50-5066
c6fcbf56-bc49-43eb-981a-ef032465a7ce.rna_seq.augmented_star_gene_counts.tsv,Tumor,2.57277,4.2437844,1,1,2326,TCGA-86-8359
c7fd0bf8-753e-45d6-b987-51ec7559f728.rna_seq.augmented_star_gene_counts.tsv,Normal,6.9026055,12.648242,0,2,1758,TCGA-44-2668
c812eb06-bd41-4919-8f6d-9ade00654a4c.rna_seq.augmented_star_gene_counts.tsv,Tumor,3.018753,4.007723,1,2,A24H,TCGA-86-A4D0
c8bfb715-4c7a-4e3e-baa2-bc842d80654b.rna_seq.augmented_star_gene_counts.tsv,Tumor,4.5002637,10.834424,0,1,2403,TCGA-97-8552
c8e5ea6c-c6b1-4807-8d9f-b2e96154a1eb.rna_seq.augmented_star_gene_counts.tsv,Tumor,3.837489,5.130827,1,1,2170,TCGA-69-7763
c9494f0c-d6df-4dc9-a174-dfd53f121ee8.rna_seq.augmented_star_gene_counts.tsv,Tumor,4.4566,4.119461,1,2,1206,TCGA-73-4675
c9d8385a-9f73-48f9-bca4-1c0647881bfd.rna_seq.augmented_star_gene_counts.tsv,Tumor,5.112833,7.618441,1,2,1755,TCGA-50-5931
ca927d21-e459-469e-9655-c214b34447f7.rna_seq.augmented_star_gene_counts.tsv,Tumor,3.7406602,4.974879,1,1,0946,TCGA-67-3774
cb3c7090-d221-4c88-896f-6199118ae5d2.rna_seq.augmented_star_gene_counts.tsv,Normal,6.19821,11.9169445,0,3,1858,TCGA-44-6776
cbdf1edd-a8c9-4fc8-88ee-928f01abae34.rna_seq.augmented_star_gene_counts.tsv,Tumor,4.5009866,8.0300455,1,1,2287,TCGA-55-8299
cbf298e2-94bb-48c9-ae07-408081055497.rna_seq.augmented_star_gene_counts.tsv,Tumor,2.9199138,3.921425,1,1,1858,TCGA-50-5051
cbfa6fea-3a77-4d0f-ab15-12307d08055a.rna_seq.augmented_star_gene_counts.tsv,Tumor,5.0158806,5.550967,1,1,1949,TCGA-75-7027
cc1646da-11b3-40c7-b35e-1206f4517b36.rna_seq.augmented_star_gene_counts.tsv,Tumor,-4.5226016,8.431137,2,2,A278,TCGA-44-2666
cd271741-c470-4f57-9873-635fef14f902.rna_seq.augmented_star_gene_counts.tsv,Tumor,4.194006,8.326214,1,2,0946,TCGA-64-1676
ce68bb71-4052-499c-bf2e-81d9c0dafc9b.rna_seq.augmented_star_gene_counts.tsv,Tumor,5.1570706,7.3049297,1,2,1206,TCGA-05-4397
ce9e3b71-b907-4c30-bbc9-fd929a6df15b.rna_seq.augmented_star_gene_counts.tsv,Normal,7.2156444,12.792913,0,2,1949,TCGA-55-6975
d03bc7a9-49d4-48f4-8a3a-00197325cde2.rna_seq.augmented_star_gene_counts.tsv,Normal,6.5311313,12.942229,0,1,1758,TCGA-44-3396
d067f93b-7182-4a34-ba8e-be73589b7420.rna_seq.augmented_star_gene_counts.tsv,Tumor,5.297937,7.0015416,1,3,1949,TCGA-95-7043
d0966b4b-6c70-41f6-a220-4bf8be955366.rna_seq.augmented_star_gene_counts.tsv,Tumor,3.1236923,9.645428,0,1,2187,TCGA-86-7954
d0f1d923-1014-4a12-824b-9939fd75f9b1.rna_seq.augmented_star_gene_counts.tsv,Tumor,5.224482,8.181596,0,3,1858,TCGA-49-6767
d1b10396-1656-4963-8fd0-7d7368c24dd2.rna_seq.augmented_star_gene_counts.tsv,Tumor,4.219609,4.5763736,1,1,2187,TCGA-73-7498
d1eba37d-0b00-47f4-a7c8-d2e80ec3e27b.rna_seq.augmented_star_gene_counts.tsv,Tumor,4.7365794,9.742438,0,2,2170,TCGA-97-7937
d20f5121-5e33-4b35-8cdf-df2eb51a099d.rna_seq.augmented_star_gene_counts.tsv,Tumor,2.9362233,6.522864,1,1,1858,TCGA-05-4424
d21d91e9-6e19-4c5f-aa2e-cdd41d98e542.rna_seq.augmented_star_gene_counts.tsv,Tumor,3.9514377,8.4204,1,2,1858,TCGA-91-6829
d2bf5f92-08f4-492e-96c2-399262f96828.rna_seq.augmented_star_gene_counts.tsv,Tumor,3.7098432,7.8805957,1,2,1858,TCGA-05-4427
d34f0d3c-a058-4569-a8c8-380ada182e76.rna_seq.augmented_star_gene_counts.tsv,Tumor,4.106387,7.5793686,1,2,1949,TCGA-55-6978
d38959c4-8069-4963-8eca-0c66699df9a7.rna_seq.augmented_star_gene_counts.tsv,Tumor,3.806142,4.927826,1,1,2287,TCGA-97-8174
d3c4d6a0-ae8f-416d-93b5-2f7143f0f857.rna_seq.augmented_star_gene_counts.tsv,Normal,6.2562294,11.796855,0,3,1949,TCGA-49-6761
d3c861af-cfe9-4d9f-bc76-a8a45b72df43.rna_seq.augmented_star_gene_counts.tsv,Tumor,2.1518435,7.9312143,1,1,1858,TCGA-05-4410
d3ebb2ea-10db-4c29-8e7c-7c13b23b5b15.rna_seq.augmented_star_gene_counts.tsv,Tumor,5.0405555,6.1269245,1,2,A24H,TCGA-62-A46O
d4422306-b68c-4687-9131-02a60a2d4c42.rna_seq.augmented_star_gene_counts.tsv,Tumor,2.9948423,3.9157712,1,1,1206,TCGA-73-4659
d4db8bd3-6f2f-4c34-a4a7-1e23342e62b5.rna_seq.augmented_star_gene_counts.tsv,Tumor,4.1735997,9.351206,0,2,A24H,TCGA-62-A46R
d53203c7-5070-455b-aec3-ce01f32186de.rna_seq.augmented_star_gene_counts.tsv,Tumor,2.4127815,6.0989,1,1,0946,TCGA-67-3771
d5388d2a-976f-4f08-80c2-14bbf4ccc753.rna_seq.augmented_star_gene_counts.tsv,Tumor,5.157786,7.1589894,1,2,1628,TCGA-80-5611
d6662ab3-af1a-4e7e-a907-111e4241713b.rna_seq.augmented_star_gene_counts.tsv,Tumor,3.2151875,6.1867433,1,2,2241,TCGA-55-8092
d6e945f2-4a94-48ab-9ba0-d4f0ee2fb262.rna_seq.augmented_star_gene_counts.tsv,Tumor,1.836013,9.503387,1,2,1628,TCGA-44-5645
d7339ba2-0cc2-40b7-9dbe-f8f3366b20d9.rna_seq.augmented_star_gene_counts.tsv,Tumor,2.63993,7.904858,1,1,A24X,TCGA-MP-A4SV
d737cd97-619a-4fc3-9ae2-87e1f4b19beb.rna_seq.augmented_star_gene_counts.tsv,Tumor,1.506598,4.269576,1,1,A24H,TCGA-44-A479
d7c787e0-6416-4724-8954-85467906f90d.rna_seq.augmented_star_gene_counts.tsv,Tumor,1.633274,4.2822633,1,2,1858,TCGA-55-6642
d832db0a-348f-4e28-953a-741192fe0826.rna_seq.augmented_star_gene_counts.tsv,Tumor,-4.286873,8.227762,2,2,A278,TCGA-44-6146
d94a4acc-1345-4cdb-b1e0-0b9c1afc593c.rna_seq.augmented_star_gene_counts.tsv,Tumor,1.5101832,8.800072,1,1,2326,TCGA-50-8460
da046621-2982-42dc-b54d-6c875ecb5368.rna_seq.augmented_star_gene_counts.tsv,Tumor,2.6974833,8.492119,1,1,A24X,TCGA-55-A48Z
da145aec-4391-4fce-b5d0-bf91065b765e.rna_seq.augmented_star_gene_counts.tsv,Tumor,3.2182348,6.5712495,1,2,2403,TCGA-78-8640
da3718fb-d874-4469-a3fe-6ba6fa89676b.rna_seq.augmented_star_gene_counts.tsv,Tumor,1.6264942,7.441947,1,1,2187,TCGA-95-7947
da52147d-9bd6-449c-b5d9-b168822ddac0.rna_seq.augmented_star_gene_counts.tsv,Tumor,3.9476929,10.080421,0,1,A24H,TCGA-L9-A443
dad295e6-b4f8-4ad1-8439-acc3f903cfb0.rna_seq.augmented_star_gene_counts.tsv,Tumor,1.9402589,3.9683735,1,1,2170,TCGA-53-7813
db3c11b8-53c7-48f8-a16c-b86c1c7534b0.rna_seq.augmented_star_gene_counts.tsv,Tumor,4.50744,9.60535,0,1,2039,TCGA-78-7145
db66be89-fb7c-41c3-9a0b-9beae75b7850.rna_seq.augmented_star_gene_counts.tsv,Tumor,4.043071,8.884928,0,1,2241,TCGA-44-8120
dc3ac0d3-d862-4761-ac12-60bb4d6758c1.rna_seq.augmented_star_gene_counts.tsv,Tumor,1.8224589,8.206871,1,1,1949,TCGA-55-6985
dd012e44-f2ef-4bd4-92ac-7403ec383b6d.rna_seq.augmented_star_gene_counts.tsv,Normal,6.8475733,12.498251,0,2,1758,TCGA-44-2661
dd20e202-a63c-4281-85c7-f16096212a91.rna_seq.augmented_star_gene_counts.tsv,Tumor,3.312249,7.238575,1,2,2066,TCGA-44-7662
dd6e2735-7d83-4bc4-87b3-05a5d7f08caa.rna_seq.augmented_star_gene_counts.tsv,Tumor,3.7462373,9.862005,0,1,2403,TCGA-71-8520
de6f3bfe-6e91-4894-a826-67ebf147a6f0.rna_seq.augmented_star_gene_counts.tsv,Normal,6.4597216,12.667357,0,2,1949,TCGA-91-6849
df2ac75d-208d-4cc1-867b-aea3e36117c6.rna_seq.augmented_star_gene_counts.tsv,Tumor,3.5920813,6.2223043,1,1,1755,TCGA-44-6145
df3e51ff-63ad-45c2-ba71-676c5eb6b9e0.rna_seq.augmented_star_gene_counts.tsv,Tumor,4.500338,9.020204,0,1,A24X,TCGA-MN-A4N5
e0819bee-5642-4297-b6bb-70e41d54ee8c.rna_seq.augmented_star_gene_counts.tsv,Tumor,4.093337,7.8026237,1,1,A24X,TCGA-MP-A4TC
e0dabde8-1dd8-4aa6-9f23-51dc22fc2cae.rna_seq.augmented_star_gene_counts.tsv,Tumor,5.1169195,6.4824915,1,1,2241,TCGA-99-8033
e0e055b6-6800-40e7-bde5-718823408f0c.rna_seq.augmented_star_gene_counts.tsv,Tumor,4.5918503,9.793773,0,2,1107,TCGA-05-4244
e0e9a0df-7052-4d42-b3fd-10ee23ceae62.rna_seq.augmented_star_gene_counts.tsv,Tumor,6.846664,12.623181,0,2,A24X,TCGA-86-A4P8
e121b871-b177-47ef-a4f1-de73cb338519.rna_seq.augmented_star_gene_counts.tsv,Tumor,2.2599928,7.6716595,1,1,2170,TCGA-69-7765
e127acf3-0757-4f24-aff7-0fbe7283b9ed.rna_seq.augmented_star_gene_counts.tsv,Tumor,3.4104226,6.3404665,1,1,1858,TCGA-49-6743
e1b67311-dee7-4296-ac38-1ad47a80c257.rna_seq.augmented_star_gene_counts.tsv,Tumor,2.7184584,7.0223117,1,2,A39D,TCGA-L9-A8F4
e25887be-64fe-4e7c-983b-4fbdec52c4b7.rna_seq.augmented_star_gene_counts.tsv,Tumor,4.636307,7.5505586,1,1,2187,TCGA-69-7979
e270dd9d-4a6b-40b3-823f-a46dd9493585.rna_seq.augmented_star_gene_counts.tsv,Tumor,2.2311673,6.78528,1,1,2039,TCGA-55-7574
e2f47d3a-0e1a-47cb-a53f-697e2a3cb89b.rna_seq.augmented_star_gene_counts.tsv,Tumor,4.2662005,9.365753,0,1,1206,TCGA-49-4494
e38af20a-f4f2-40dc-82c0-69782f9192d7.rna_seq.augmented_star_gene_counts.tsv,Tumor,4.163763,4.6289907,1,1,1206,TCGA-73-4677
e3955555-9663-49da-bb98-f6593eb74d7f.rna_seq.augmented_star_gene_counts.tsv,Normal,6.1369567,12.109346,0,3,1949,TCGA-91-6847
e40ae18a-9f57-4069-b99f-260c93b52e9f.rna_seq.augmented_star_gene_counts.tsv,Tumor,3.3803797,5.966907,1,2,2287,TCGA-69-8255
e48cabb8-73cd-4d42-81b0-f9ab7bebecc1.rna_seq.augmented_star_gene_counts.tsv,Tumor,3.2731054,5.318496,1,1,2241,TCGA-55-8085
e4fe566f-bf64-408e-a422-fef7b855391f.rna_seq.augmented_star_gene_counts.tsv,Tumor,7.1476645,12.734304,0,1,A24H,TCGA-L4-A4E6
e5ff9d44-3193-4baa-bf04-c86563d3c9a9.rna_seq.augmented_star_gene_counts.tsv,Tumor,0.33977687,7.6851664,1,1,2403,TCGA-55-8619
e62d96e9-3e79-4eef-9e5e-568a48dd737b.rna_seq.augmented_star_gene_counts.tsv,Tumor,2.1483748,8.312011,1,1,1206,TCGA-05-4434
e6992421-f34c-4a68-a218-d53f56d0f562.rna_seq.augmented_star_gene_counts.tsv,Tumor,0.41481584,7.7766795,1,1,1949,TCGA-75-7030
e789fc5c-1218-4f07-ba95-b54d8fb93e7b.rna_seq.augmented_star_gene_counts.tsv,Tumor,4.395585,7.7910514,1,1,1858,TCGA-50-5044
e860f314-beb1-4dfd-adb8-e188f13ca1c8.rna_seq.augmented_star_gene_counts.tsv,Tumor,4.597904,6.081854,1,1,1206,TCGA-05-4418
e89ecf81-4892-48c8-be13-926f92d5ec97.rna_seq.augmented_star_gene_counts.tsv,Tumor,3.0606856,4.013205,1,2,2039,TCGA-44-5644
e8ea2e59-65dc-49c9-b6f3-b9335185390d.rna_seq.augmented_star_gene_counts.tsv,Tumor,1.6426625,4.3022933,1,2,A24H,TCGA-91-A4BC
e9efd91b-8824-456b-b650-1d0287efbbe8.rna_seq.augmented_star_gene_counts.tsv,Tumor,4.4550996,9.487698,0,2,1949,TCGA-95-7039
e9f19ff2-29c5-4578-9c23-9d58c192ff59.rna_seq.augmented_star_gene_counts.tsv,Tumor,4.2182302,7.77793,1,2,1107,TCGA-35-4123
eaaacefc-a798-4b6e-8471-0fde96a80bb9.rna_seq.augmented_star_gene_counts.tsv,Tumor,0.55256885,7.5036783,1,2,2170,TCGA-69-7761
ebc79b86-12cb-4a5b-b0e4-4d1017ef22f4.rna_seq.augmented_star_gene_counts.tsv,Tumor,3.83852,3.8898487,1,1,A24H,TCGA-62-A470
ebf8d429-0437-4987-9bca-89e62910f168.rna_seq.augmented_star_gene_counts.tsv,Tumor,4.446885,10.742642,0,2,2039,TCGA-78-7158
ec3a68ca-1006-4f2f-95b5-74d506ceda86.rna_seq.augmented_star_gene_counts.tsv,Tumor,4.90001,4.9810123,1,1,2039,TCGA-78-7148
ec99ae0d-704e-481d-bc90-7b553075a845.rna_seq.augmented_star_gene_counts.tsv,Tumor,4.8195996,7.045803,1,3,2066,TCGA-53-7624
ecef82f6-3009-4345-a56d-d028535d78fd.rna_seq.augmented_star_gene_counts.tsv,Tumor,3.5003507,3.953071,1,3,A24X,TCGA-53-A4EZ
ed0926c8-6642-4741-9de6-e04014ba0364.rna_seq.augmented_star_gene_counts.tsv,Tumor,2.668099,8.489969,1,2,A24H,TCGA-55-A491
ed30ab10-5d65-4aeb-ba72-ec3e9b768cd3.rna_seq.augmented_star_gene_counts.tsv,Tumor,3.140948,8.133521,1,1,0946,TCGA-64-1677
ed4e21ee-1471-479e-af75-72c91986787a.rna_seq.augmented_star_gene_counts.tsv,Tumor,3.6056278,5.0566463,1,1,1628,TCGA-75-5146
eda17fff-892d-440a-af83-b353ea60c478.rna_seq.augmented_star_gene_counts.tsv,Tumor,2.3384311,4.1701365,1,1,2403,TCGA-86-8669
ee030015-242a-4dd1-b43c-2c97d5d365d9.rna_seq.augmented_star_gene_counts.tsv,Tumor,-4.6567025,8.48014,2,1,A277,TCGA-44-6147
ee14c1ac-fa18-4be1-b836-a1274abafe28.rna_seq.augmented_star_gene_counts.tsv,Tumor,4.844391,9.213182,0,1,1755,TCGA-75-6207
eecb4e6b-6916-4673-815b-9a5366fe3a86.rna_seq.augmented_star_gene_counts.tsv,Tumor,2.7884889,6.2849317,1,1,1858,TCGA-49-4487
ef11ddff-02bb-44e2-ab77-fadde20acd87.rna_seq.augmented_star_gene_counts.tsv,Tumor,3.9735591,9.430264,0,1,2039,TCGA-55-7227
ef19e097-8ae9-4362-b77a-76d8f5399760.rna_seq.augmented_star_gene_counts.tsv,Tumor,4.026979,3.9618292,1,1,A24H,TCGA-62-A46P
ef304a3b-e32b-450e-8c40-4173aa0a0366.rna_seq.augmented_star_gene_counts.tsv,Tumor,5.3159475,9.056524,0,2,1628,TCGA-05-5428
efd3731a-0788-41e9-a985-0c3d400d7db3.rna_seq.augmented_star_gene_counts.tsv,Tumor,2.4293358,8.376814,1,1,2241,TCGA-86-8055
f01d4b93-8aeb-4b87-a063-59d7b6057fba.rna_seq.augmented_star_gene_counts.tsv,Tumor,3.7398949,9.925516,0,1,2326,TCGA-62-8394
f0395da6-5f12-4a35-8aa6-0b1b47a2acba.rna_seq.augmented_star_gene_counts.tsv,Tumor,4.5723057,8.28436,1,1,1107,TCGA-05-4250
f05d253b-7b64-4ecc-8249-55392326a91d.rna_seq.augmented_star_gene_counts.tsv,Tumor,4.6991796,6.215002,1,2,1949,TCGA-55-6975
f07f72e3-8bd8-4a16-91b4-e4444c2745d9.rna_seq.augmented_star_gene_counts.tsv,Tumor,1.931721,4.0990734,1,1,2241,TCGA-55-8203
f1eb1ef7-fe25-4dd8-abed-9d9c298d72fb.rna_seq.augmented_star_gene_counts.tsv,Tumor,2.6477604,7.4652967,1,1,A41B,TCGA-49-AAR4
f21b5258-2e93-4fe0-bd98-9eb1216e824b.rna_seq.augmented_star_gene_counts.tsv,Tumor,3.6963239,7.351848,1,1,1107,TCGA-35-4122
f30ea4c5-0110-403e-b171-2ea1e35c1ea0.rna_seq.augmented_star_gene_counts.tsv,Tumor,2.0623958,4.1953907,1,1,1858,TCGA-05-4417
f3b31315-692c-4040-9f89-1a9988ed2fbc.rna_seq.augmented_star_gene_counts.tsv,Tumor,4.7731442,4.98191,1,1,1206,TCGA-05-4389
f3bf4152-5e1d-42d2-920e-9dfbe2e0dbc5.rna_seq.augmented_star_gene_counts.tsv,Tumor,2.8254497,7.901647,1,2,1107,TCGA-44-4112
f3d482bb-14e8-4569-bee4-22d7d2a027ea.rna_seq.augmented_star_gene_counts.tsv,Tumor,5.1382685,11.12894,0,2,2170,TCGA-55-7725
f3df8eaf-1fd2-4e08-ad48-ce5aa1d64e19.rna_seq.augmented_star_gene_counts.tsv,Tumor,2.9499342,3.8210797,1,1,A262,TCGA-95-A4VP
f48a9d85-c3c7-40bc-9215-760ba3b8fa60.rna_seq.augmented_star_gene_counts.tsv,Tumor,4.755815,6.1403284,1,3,1755,TCGA-38-4631
f4a76e18-60fa-4ef2-91ef-e2d7a1d11c8d.rna_seq.augmented_star_gene_counts.tsv,Normal,6.1362925,12.573422,0,2,1758,TCGA-38-4626
f57240f6-a5e4-4a9f-81d7-b59616d865dd.rna_seq.augmented_star_gene_counts.tsv,Tumor,1.5048358,8.252419,1,1,A24X,TCGA-86-A4P7
f602ef77-0db5-47af-b259-e551c77a4281.rna_seq.augmented_star_gene_counts.tsv,Tumor,4.8069468,8.910295,0,1,2066,TCGA-44-7661
f6108b9b-e02f-4608-bec3-bcc0112d05b4.rna_seq.augmented_star_gene_counts.tsv,Tumor,3.2982726,8.7171135,1,1,A41B,TCGA-49-AARO
f6f15b7f-1af0-4da5-8ca5-a4b488d8f412.rna_seq.augmented_star_gene_counts.tsv,Tumor,3.0463772,8.632711,1,1,2241,TCGA-86-8074
f74d61fe-042f-4cfc-a32b-380389629951.rna_seq.augmented_star_gene_counts.tsv,Tumor,3.877661,7.517977,1,2,A24H,TCGA-55-A493
f77f77e1-073c-4f6a-bc48-1ba165ecc024.rna_seq.augmented_star_gene_counts.tsv,Tumor,5.309496,5.4949875,1,1,2039,TCGA-78-7154
f7beaa9b-98ae-40bd-aadc-e69688499170.rna_seq.augmented_star_gene_counts.tsv,Tumor,-4.8237343,8.273341,2,2,A277,TCGA-44-2665
f8a3b631-5140-45d0-8732-cb556d5f83b2.rna_seq.augmented_star_gene_counts.tsv,Tumor,1.7730879,3.9238727,1,1,2170,TCGA-55-7910
f8a748c2-91e5-49a2-9095-229476dc9ce5.rna_seq.augmented_star_gene_counts.tsv,Normal,7.366932,12.9588995,0,2,1949,TCGA-55-6969
f8cc4515-2576-4a72-9cf1-28dfe774eda9.rna_seq.augmented_star_gene_counts.tsv,Tumor,2.5774598,7.7975335,1,1,0946,TCGA-55-1595
f99ac82f-4fe6-4a9a-9d49-67c42cf66208.rna_seq.augmented_star_gene_counts.tsv,Tumor,4.8518934,4.9781065,1,1,2039,TCGA-78-7160
fa7777c7-e04a-41db-9ade-0c875c62411f.rna_seq.augmented_star_gene_counts.tsv,Tumor,2.3257487,7.8893895,1,1,1949,TCGA-55-6979
facd5609-e5f0-4993-bd84-049447d60d32.rna_seq.augmented_star_gene_counts.tsv,Tumor,2.4445293,5.544369,1,1,1858,TCGA-44-6778
fb3e2838-b073-40c9-824f-3216f940a2c5.rna_seq.augmented_star_gene_counts.tsv,Tumor,3.5845563,8.065067,1,1,A24X,TCGA-L4-A4E5
fb870a60-4b6d-4e83-b366-bdaaca72f205.rna_seq.augmented_star_gene_counts.tsv,Tumor,5.0461497,9.995758,0,2,2039,TCGA-78-7143
fbb4d953-39c3-4e94-a99c-a8927421709e.rna_seq.augmented_star_gene_counts.tsv,Tumor,3.922672,7.0556912,1,3,1858,TCGA-50-6590
fbd81adc-aa56-4cde-b1f2-e749e2cbf653.rna_seq.augmented_star_gene_counts.tsv,Tumor,5.085174,10.169571,0,2,A39D,TCGA-NJ-A7XG
fc4f0b8e-ced1-4543-a21d-3cbb2d269eb0.rna_seq.augmented_star_gene_counts.tsv,Tumor,4.843046,11.029605,0,2,1755,TCGA-67-4679
fcb42a31-a716-430f-a0a1-001766fc62b5.rna_seq.augmented_star_gene_counts.tsv,Tumor,4.2575207,7.698723,1,3,1755,TCGA-50-5933
fcfff41c-378f-49e8-b416-ccd1b9d8b4b4.rna_seq.augmented_star_gene_counts.tsv,Tumor,4.1336746,6.510754,1,1,2403,TCGA-86-8672
fd713184-4bb4-4e1b-a3b8-636273ee6ccc.rna_seq.augmented_star_gene_counts.tsv,Tumor,-4.701508,8.529309,2,1,A278,TCGA-44-6147
fdd9f9f1-8b02-4b83-a8f6-f28f968bdf54.rna_seq.augmented_star_gene_counts.tsv,Tumor,6.869826,12.974434,0,2,2170,TCGA-55-7816
fddbde25-7d5c-496f-8f62-985dbda7e0fe.rna_seq.augmented_star_gene_counts.tsv,Tumor,4.5758696,4.024618,1,1,A24X,TCGA-97-A4M3
fe3a5a49-7744-4336-a4b6-0e88f23e21d8.rna_seq.augmented_star_gene_counts.tsv,Tumor,4.411407,4.793839,1,1,1755,TCGA-50-5932
fe69fb9c-7215-478c-ae5c-44f5d0814b9d.rna_seq.augmented_star_gene_counts.tsv,Tumor,4.8406253,7.395454,1,1,A24H,TCGA-J2-A4AD
fe770b01-42c9-48c6-97f8-09f18a374350.rna_seq.augmented_star_gene_counts.tsv,Tumor,4.1400685,10.1010475,0,1,A24H,TCGA-44-A47B
fec056a5-e860-4b68-8fa0-39cb7ad78a62.rna_seq.augmented_star_gene_counts.tsv,Tumor,4.0015984,4.6033454,1,1,2326,TCGA-62-8395
fec7a02d-1d67-412d-9d69-df7124864e7a.rna_seq.augmented_star_gene_counts.tsv,Tumor,3.3432343,3.8351226,1,1,2403,TCGA-55-8507
ff298d6f-071c-417a-acbe-a9ff38494f87.rna_seq.augmented_star_gene_counts.tsv,Tumor,1.6518734,9.284379,1,1,2039,TCGA-55-7573
ff36264d-8485-46e6-8259-0b55f651ed8f.rna_seq.augmented_star_gene_counts.tsv,Tumor,2.5043442,4.6050487,1,1,2403,TCGA-91-8497
