sample,tissue,physiotype,case_id,stage,stage_grp,vital_status,os_days,event,age_at_initial_pathologic_diagnosis,gender,KRAS,EGFR,STK11
00d461ae-a1d8-42f2-abd8-5e159363d857.rna_seq.augmented_star_gene_counts.tsv,Tumor,1,TCGA-44-2666,I,I/II,DECEASED,97.0,1,43,MALE,none,none,none
00fabec9-d311-4994-a7e5-eb91178d14f2.rna_seq.augmented_star_gene_counts.tsv,Tumor,2,TCGA-69-A59K,II,I/II,LIVING,522.0,0,60,FEMALE,,,
01ebdef8-920f-4b71-8b44-512598962d6b.rna_seq.augmented_star_gene_counts.tsv,Tumor,1,TCGA-99-8032,I,I/II,LIVING,44.0,0,61,MALE,,,
020a2284-03f3-4439-89bb-2292ebc3ecd2.rna_seq.augmented_star_gene_counts.tsv,Tumor,2,TCGA-95-7562,II,I/II,DECEASED,87.0,1,71,MALE,,,
02f6c9d4-8296-4e00-9e78-4f4d8c942340.rna_seq.augmented_star_gene_counts.tsv,Tumor,3,TCGA-91-6848,III,III/IV,LIVING,224.0,0,59,MALE,,,
0326e97a-2ec7-4038-98f3-03d94962d869.rna_seq.augmented_star_gene_counts.tsv,Tumor,2,TCGA-97-7546,I,I/II,LIVING,1285.0,0,76,FEMALE,none,none,none
03c7ece7-500d-4c38-a600-bd6863562bfd.rna_seq.augmented_star_gene_counts.tsv,Tumor,3,TCGA-49-AARQ,I,I/II,LIVING,6732.0,0,41,FEMALE,,,
044b4834-bb51-40c8-8027-e5d752fa8787.rna_seq.augmented_star_gene_counts.tsv,Tumor,1,TCGA-55-8616,I,I/II,LIVING,48.0,0,58,FEMALE,,,
04c4affd-ca5d-4ea4-95d1-a6502e80d1af.rna_seq.augmented_star_gene_counts.tsv,Tumor,1,TCGA-64-1681,I,I/II,DECEASED,1167.0,1,61,FEMALE,none,p.L858R,none
04ce9fac-b5f3-4830-935e-9d6ea74ee915.rna_seq.augmented_star_gene_counts.tsv,Tumor,1,TCGA-MP-A4T6,III,III/IV,DECEASED,1790.0,1,76,FEMALE,,,
050f4ef1-e774-490e-9450-8f2d473b1a21.rna_seq.augmented_star_gene_counts.tsv,Normal,2,TCGA-73-4676,II,I/II,DECEASED,281.0,1,45,MALE,none,none,none
059b5dc1-45f7-4d7c-b07a-878b6db6d881.rna_seq.augmented_star_gene_counts.tsv,Tumor,3,TCGA-78-7156,IV,III/IV,DECEASED,976.0,1,62,MALE,none,none,p.G279fs
05ca3ffd-a4d9-4667-80e2-d15125e88f7c.rna_seq.augmented_star_gene_counts.tsv,Tumor,2,TCGA-97-A4M1,I,I/II,LIVING,601.0,0,52,FEMALE,,,
06770623-6a10-4874-9eea-1497077f18ac.rna_seq.augmented_star_gene_counts.tsv,Tumor,1,TCGA-55-A4DF,I,I/II,DECEASED,614.0,1,88,MALE,,,
068ba2ae-288c-446d-8d17-72445ce4f788.rna_seq.augmented_star_gene_counts.tsv,Tumor,1,TCGA-93-A4JN,IV,III/IV,LIVING,718.0,0,71,MALE,,,
06c83065-5800-451a-84a7-7a7f352493ec.rna_seq.augmented_star_gene_counts.tsv,Tumor,3,TCGA-78-7633,I,I/II,DECEASED,1528.0,1,67,MALE,none,none,none
06deab65-ccea-473f-ad0e-7e3928df2e07.rna_seq.augmented_star_gene_counts.tsv,Tumor,2,TCGA-05-4426,I,I/II,LIVING,791.0,0,71,MALE,none,none,none
06f0836c-ae3f-4c83-bb20-a5a74796bb11.rna_seq.augmented_star_gene_counts.tsv,Normal,2,TCGA-50-5932,II,I/II,DECEASED,1235.0,1,75,MALE,p.G12C,none,p.N181Y
07a66ae7-6b95-4d57-b308-dcb30672b6b9.rna_seq.augmented_star_gene_counts.tsv,Normal,3,TCGA-55-6971,I,I/II,LIVING,1400.0,0,59,FEMALE,none,none,p.G251F
07c5dadf-e801-4c1f-9109-7a2495407c75.rna_seq.augmented_star_gene_counts.tsv,Tumor,1,TCGA-97-A4M5,I,I/II,LIVING,634.0,0,83,MALE,,,
07c8891d-1917-45f8-bd1d-4c59d1baafaa.rna_seq.augmented_star_gene_counts.tsv,Tumor,1,TCGA-91-6830,II,I/II,LIVING,60.0,0,65,FEMALE,,,
0832f2ee-ad00-42c7-8cc3-9c63a7b5cea9.rna_seq.augmented_star_gene_counts.tsv,Tumor,2,TCGA-78-7163,I,I/II,LIVING,7248.0,0,60,MALE,none,none,none
085fd4df-27f7-4680-a0b5-8726f9eab370.rna_seq.augmented_star_gene_counts.tsv,Tumor,2,TCGA-49-4512,III,III/IV,DECEASED,905.0,1,69,FEMALE,none,none,none
087c2c93-d071-41e1-a2e8-a1961ba54a86.rna_seq.augmented_star_gene_counts.tsv,Tumor,1,TCGA-86-8073,I,I/II,LIVING,740.0,0,58,MALE,,,
094bd5ef-b1ca-46c6-b717-2519e5a6151b.rna_seq.augmented_star_gene_counts.tsv,Tumor,3,TCGA-71-6725,I,I/II,LIVING,256.0,0,48,FEMALE,none,none,none
09728f38-787f-4868-b28d-8cf6afa3c71b.rna_seq.augmented_star_gene_counts.tsv,Tumor,1,TCGA-05-5425,II,I/II,LIVING,882.0,0,68,MALE,,,
0a11e8dc-5d34-4fcb-b2dc-aa57b4e90fc9.rna_seq.augmented_star_gene_counts.tsv,Tumor,3,TCGA-78-7146,III,III/IV,DECEASED,173.0,1,71,FEMALE,,,
0a4e0b83-7afa-475b-8586-e9e79e31d6d2.rna_seq.augmented_star_gene_counts.tsv,Tumor,2,TCGA-62-A471,II,I/II,LIVING,1246.0,0,64,MALE,,,
0a5dab01-33ff-41d1-8842-7b7f18a6efe0.rna_seq.augmented_star_gene_counts.tsv,Tumor,1,TCGA-91-6828,I,I/II,LIVING,323.0,0,70,MALE,p.G12V,none,none
0b55cf48-41ca-4d54-a6c6-fa15c711370b.rna_seq.augmented_star_gene_counts.tsv,Tumor,2,TCGA-44-3917,I,I/II,LIVING,1183.0,0,33,FEMALE,,,
0ba8665b-be52-4288-838a-8f5d189f809d.rna_seq.augmented_star_gene_counts.tsv,Tumor,2,TCGA-49-AAR3,II,I/II,LIVING,1893.0,0,69,MALE,,,
0bb88c14-58c0-45d8-a8f3-f41840f62d37.rna_seq.augmented_star_gene_counts.tsv,Tumor,2,TCGA-44-6777,I,I/II,DECEASED,987.0,1,85,FEMALE,p.G12C,none,none
0c09f267-c052-4208-83f3-9acbad0867d5.rna_seq.augmented_star_gene_counts.tsv,Normal,3,TCGA-91-6831,I,I/II,LIVING,310.0,0,66,MALE,,,
0c73a12d-b6a0-4ee0-9364-6744964e3526.rna_seq.augmented_star_gene_counts.tsv,Normal,2,TCGA-55-6979,II,I/II,DECEASED,237.0,1,59,FEMALE,none,none,none
0e3e11b9-9f43-4a0d-8665-023fae9f8b00.rna_seq.augmented_star_gene_counts.tsv,Tumor,1,TCGA-38-6178,III,III/IV,LIVING,448.0,0,70,FEMALE,none,p.ELREA746del,none
0f6c0159-7342-4519-83f5-52c2d457c4f8.rna_seq.augmented_star_gene_counts.tsv,Tumor,2,TCGA-78-7147,II,I/II,DECEASED,586.0,1,67,FEMALE,none,"p.L387M, p.L861Q, p.D1083fs",none
1084d48c-88e8-4d67-9049-d0e4cd7f9535.rna_seq.augmented_star_gene_counts.tsv,Tumor,3,TCGA-62-A46V,I,I/II,LIVING,2199.0,0,78,FEMALE,,,
11d52676-7017-48b4-872a-cefb91b8651c.rna_seq.augmented_star_gene_counts.tsv,Normal,3,TCGA-44-2655,I,I/II,LIVING,1324.0,0,65,FEMALE,none,none,none
1205cc6a-c42f-44c8-bf1c-84ef49eaaee4.rna_seq.augmented_star_gene_counts.tsv,Tumor,2,TCGA-50-8457,I,I/II,LIVING,1125.0,0,63,FEMALE,,,
129a4f1c-81ee-4ebb-8c97-0a60fcc114d6.rna_seq.augmented_star_gene_counts.tsv,Tumor,1,TCGA-99-7458,III,III/IV,LIVING,747.0,0,74,FEMALE,p.G12R,none,none
12beb3ab-f6e1-42b0-af74-1a8cbb3416c0.rna_seq.augmented_star_gene_counts.tsv,Tumor,1,TCGA-J2-A4AG,I,I/II,LIVING,988.0,0,66,FEMALE,,,
12da2172-3304-4dad-bd80-3039e6d49de3.rna_seq.augmented_star_gene_counts.tsv,Tumor,1,TCGA-J2-8192,II,I/II,LIVING,739.0,0,65,FEMALE,,,
131b98d5-aaf4-4a6c-bb96-c33895cd814a.rna_seq.augmented_star_gene_counts.tsv,Tumor,1,TCGA-97-A4M7,I,I/II,LIVING,629.0,0,74,MALE,,,
131c0149-e810-4004-97e0-6c8a4aa9049d.rna_seq.augmented_star_gene_counts.tsv,Tumor,2,TCGA-97-8179,I,I/II,LIVING,435.0,0,72,MALE,,,
143cbdd4-689e-4ba9-b0ad-069629dc7dfa.rna_seq.augmented_star_gene_counts.tsv,Tumor,1,TCGA-97-A4M6,I,I/II,LIVING,568.0,0,45,FEMALE,,,
145db6c5-f7ad-4e2f-88f1-d68bc457848a.rna_seq.augmented_star_gene_counts.tsv,Tumor,1,TCGA-97-8172,I,I/II,LIVING,545.0,0,75,FEMALE,,,
146a69db-f304-4dd3-97e2-4d11b6512069.rna_seq.augmented_star_gene_counts.tsv,Tumor,2,TCGA-44-3917,I,I/II,LIVING,1183.0,0,33,FEMALE,,,
14797b04-c56a-4ceb-bd0f-a4e785e90f75.rna_seq.augmented_star_gene_counts.tsv,Tumor,2,TCGA-05-4398,III,III/IV,LIVING,1431.0,0,47,FEMALE,none,none,none
14aca23b-01ce-4532-8f2f-3b22b05a4757.rna_seq.augmented_star_gene_counts.tsv,Tumor,1,TCGA-55-8089,I,I/II,DECEASED,702.0,1,56,MALE,,,
14e05372-1acb-4479-904b-ce8acef028eb.rna_seq.augmented_star_gene_counts.tsv,Tumor,2,TCGA-78-7150,II,I/II,DECEASED,666.0,1,59,MALE,none,none,none
156a175b-b419-4089-8541-7318e3dee78a.rna_seq.augmented_star_gene_counts.tsv,Tumor,1,TCGA-MP-A4TJ,I,I/II,DECEASED,339.0,1,62,FEMALE,,,
160dd8d4-3262-4789-bd92-d5470bc7d41b.rna_seq.augmented_star_gene_counts.tsv,Tumor,1,TCGA-62-A46S,I,I/II,DECEASED,1653.0,1,73,MALE,,,
186b7ed8-cc25-45b6-bf7d-25d7a3a2154a.rna_seq.augmented_star_gene_counts.tsv,Tumor,3,TCGA-91-6836,I,I/II,LIVING,417.0,0,52,FEMALE,,,
1890feb6-9f7f-4437-9828-198ff43e16b0.rna_seq.augmented_star_gene_counts.tsv,Tumor,1,TCGA-44-3398,I,I/II,LIVING,1163.0,0,77,FEMALE,,,
19853c82-c205-4af9-badd-82946eec14ad.rna_seq.augmented_star_gene_counts.tsv,Tumor,2,TCGA-78-7220,III,III/IV,DECEASED,807.0,1,53,FEMALE,,,
1a0143ed-cd70-498f-b094-bc71b6921fb3.rna_seq.augmented_star_gene_counts.tsv,Tumor,1,TCGA-55-A4DG,I,I/II,LIVING,608.0,0,71,MALE,,,
1aa0401e-b389-4852-87ef-e1ae357b76dc.rna_seq.augmented_star_gene_counts.tsv,Tumor,1,TCGA-50-8459,II,I/II,LIVING,1119.0,0,68,MALE,,,
1b22e14e-321b-4609-9aa2-9df6285ca948.rna_seq.augmented_star_gene_counts.tsv,Normal,2,TCGA-38-4632,IV,III/IV,DECEASED,1357.0,1,42,MALE,none,none,none
1bd869a0-98a7-4e19-994f-41a1ce2c7b2d.rna_seq.augmented_star_gene_counts.tsv,Normal,1,TCGA-44-2657,I,I/II,LIVING,1351.0,0,74,FEMALE,none,none,none
1c66cca9-ad78-44e5-ab54-be31d4a66437.rna_seq.augmented_star_gene_counts.tsv,Tumor,1,TCGA-MP-A4T7,IV,III/IV,DECEASED,167.0,1,75,FEMALE,,,
1ca692e6-1dff-4d84-ace1-671bac7b9f61.rna_seq.augmented_star_gene_counts.tsv,Tumor,2,TCGA-44-4112,I,I/II,DECEASED,808.0,1,60,FEMALE,none,none,none
1d7be20b-b4ca-47bb-9552-689f2e3ff0f7.rna_seq.augmented_star_gene_counts.tsv,Tumor,1,TCGA-44-A4SU,I,I/II,DECEASED,409.0,1,67,FEMALE,,,
1da64d9f-f5dd-4017-bf82-d1a61512b56b.rna_seq.augmented_star_gene_counts.tsv,Tumor,2,TCGA-67-3770,I,I/II,LIVING,610.0,0,70,FEMALE,,,
1e3d606d-e374-460c-a046-b6c98aa8256b.rna_seq.augmented_star_gene_counts.tsv,Tumor,1,TCGA-67-6217,II,I/II,LIVING,422.0,0,73,FEMALE,none,p.L858R,none
1efac920-fb46-4ac8-b8b1-d1f2743edefe.rna_seq.augmented_star_gene_counts.tsv,Tumor,1,TCGA-55-7907,II,I/II,DECEASED,343.0,1,77,MALE,p.G12C,none,none
1f71e82c-0781-4d19-bc26-6c3c176827c5.rna_seq.augmented_star_gene_counts.tsv,Tumor,1,TCGA-50-5946,I,I/II,LIVING,1617.0,0,62,MALE,,,
1f7293ad-85b2-4d42-afcc-88cf1027cf5f.rna_seq.augmented_star_gene_counts.tsv,Tumor,2,TCGA-44-3396,III,III/IV,LIVING,1130.0,0,74,FEMALE,none,none,none
1f7938f1-e04e-4ed0-8189-3d701c6fef72.rna_seq.augmented_star_gene_counts.tsv,Tumor,1,TCGA-05-4403,I,I/II,LIVING,578.0,0,76,MALE,p.G12C,none,none
20cddb4c-1ad4-4f0e-bd5e-3071f573b2d0.rna_seq.augmented_star_gene_counts.tsv,Tumor,1,TCGA-97-7547,I,I/II,LIVING,1965.0,0,67,FEMALE,,,
20ecdb2d-16ad-437b-ac0e-b84339c769a6.rna_seq.augmented_star_gene_counts.tsv,Tumor,2,TCGA-97-A4M0,I,I/II,LIVING,652.0,0,60,FEMALE,,,
2172f060-6402-44dc-a918-2f9c15c21fa4.rna_seq.augmented_star_gene_counts.tsv,Tumor,2,TCGA-55-7815,I,I/II,LIVING,773.0,0,76,MALE,p.G12V,none,none
21893490-77c4-4bc8-b8ea-0a5f16762f6b.rna_seq.augmented_star_gene_counts.tsv,Normal,3,TCGA-44-6146,II,I/II,LIVING,728.0,0,64,MALE,p.G12V,none,none
21a80f43-21be-4549-901b-c99083021c30.rna_seq.augmented_star_gene_counts.tsv,Tumor,2,TCGA-62-8397,II,I/II,LIVING,1289.0,0,70,FEMALE,,,
21eea21d-7db3-4f85-a9e4-72cbb562b5ed.rna_seq.augmented_star_gene_counts.tsv,Tumor,1,TCGA-62-A46U,II,I/II,LIVING,2067.0,0,71,FEMALE,,,
22002e84-1d7a-4f93-9934-9d74f45195c0.rna_seq.augmented_star_gene_counts.tsv,Tumor,2,TCGA-55-7914,II,I/II,DECEASED,187.0,1,71,FEMALE,p.G12C,none,none
2276a330-e86b-46e1-be45-ae41d217ef66.rna_seq.augmented_star_gene_counts.tsv,Tumor,1,TCGA-97-A4LX,I,I/II,LIVING,614.0,0,81,MALE,,,
22c48da7-f220-43f4-a1b0-fd57358f7ae7.rna_seq.augmented_star_gene_counts.tsv,Tumor,1,TCGA-50-5930,III,III/IV,DECEASED,282.0,1,47,MALE,,,
22cd91fc-54c5-43e0-80ff-19a419298721.rna_seq.augmented_star_gene_counts.tsv,Tumor,2,TCGA-L9-A5IP,IV,III/IV,DECEASED,58.0,1,40,FEMALE,,,
22d87348-bca7-4428-b8e2-2f161d77bcc5.rna_seq.augmented_star_gene_counts.tsv,Tumor,1,TCGA-69-8253,II,I/II,LIVING,426.0,0,59,FEMALE,,,
2301103f-5cbe-4cb6-b5da-0b83b39e4616.rna_seq.augmented_star_gene_counts.tsv,Tumor,1,TCGA-50-5055,II,I/II,DECEASED,1830.0,1,79,FEMALE,none,none,none
2306a9ab-37ae-4dfd-b992-4f62022c3d4c.rna_seq.augmented_star_gene_counts.tsv,Tumor,1,TCGA-95-A4VK,III,III/IV,LIVING,651.0,0,74,FEMALE,,,
233b6aa7-9d3f-4db0-a900-03f7cf4d0ac4.rna_seq.augmented_star_gene_counts.tsv,Tumor,1,TCGA-NJ-A55O,II,I/II,LIVING,13.0,0,56,FEMALE,,,
23aeef43-0657-45f1-835e-52a829f0bea2.rna_seq.augmented_star_gene_counts.tsv,Tumor,2,TCGA-55-8506,II,I/II,LIVING,11.0,0,62,FEMALE,,,
25212f64-8017-4b93-b171-10a830558566.rna_seq.augmented_star_gene_counts.tsv,Tumor,1,TCGA-55-8090,I,I/II,DECEASED,598.0,1,80,MALE,,,
256e320c-e4de-4918-b3bc-b71657bfd4cc.rna_seq.augmented_star_gene_counts.tsv,Tumor,1,TCGA-86-7953,I,I/II,LIVING,997.0,0,69,FEMALE,,,
258b0b5e-2b09-4378-9606-83955ca19d7c.rna_seq.augmented_star_gene_counts.tsv,Tumor,1,TCGA-05-4249,I,I/II,LIVING,1523.0,0,67,MALE,p.G12C,none,none
25a6fe1b-0472-489f-a721-f596395badb1.rna_seq.augmented_star_gene_counts.tsv,Tumor,1,TCGA-55-7576,I,I/II,LIVING,670.0,0,54,MALE,p.G12S,none,none
25ef25f6-9982-41ad-9823-62763c6c29eb.rna_seq.augmented_star_gene_counts.tsv,Tumor,1,TCGA-MP-A4SW,II,I/II,DECEASED,1778.0,1,53,MALE,,,
268f14f5-e6f7-413a-90a6-20a205012246.rna_seq.augmented_star_gene_counts.tsv,Tumor,1,TCGA-55-8505,III,III/IV,LIVING,440.0,0,62,MALE,,,
26fdaa75-cea5-4355-b3b1-6b5c2c75e542.rna_seq.augmented_star_gene_counts.tsv,Tumor,2,TCGA-44-5645,I,I/II,LIVING,852.0,0,61,FEMALE,none,none,none
27266d85-3f2c-489f-9e5d-663d94ae9f55.rna_seq.augmented_star_gene_counts.tsv,Tumor,2,TCGA-50-6592,I,I/II,DECEASED,777.0,1,71,FEMALE,,,
27e24fc6-af40-4152-8424-a9d365c717d9.rna_seq.augmented_star_gene_counts.tsv,Tumor,1,TCGA-55-8511,I,I/II,LIVING,552.0,0,73,FEMALE,,,
28e5e6cc-60b0-4324-b05e-d05af474da90.rna_seq.augmented_star_gene_counts.tsv,Tumor,1,TCGA-69-7978,II,I/II,LIVING,134.0,0,59,MALE,,,
29000c50-6667-4281-a97a-5f02cb24a8f4.rna_seq.augmented_star_gene_counts.tsv,Tumor,2,TCGA-50-6595,III,III/IV,DECEASED,189.0,1,74,FEMALE,none,"p.G719A, p.S768I",none
290ad2c0-6aeb-4eba-b3e7-fc47e8bfbdce.rna_seq.augmented_star_gene_counts.tsv,Normal,2,TCGA-44-6778,I,I/II,LIVING,1864.0,0,59,MALE,,,
2a05b2c0-f94d-4c07-889a-def7131895bd.rna_seq.augmented_star_gene_counts.tsv,Tumor,1,TCGA-86-A4JF,II,I/II,DECEASED,737.0,1,56,MALE,,,
2a48ffd2-9212-48f4-a836-7572eb2feffe.rna_seq.augmented_star_gene_counts.tsv,Tumor,2,TCGA-62-8402,III,III/IV,DECEASED,1498.0,1,73,FEMALE,,,
2a53d9f7-430a-45c5-9171-8ee65dc560dd.rna_seq.augmented_star_gene_counts.tsv,Tumor,2,TCGA-44-7667,II,I/II,LIVING,1097.0,0,49,FEMALE,,,
2aef96ea-5379-4066-8df1-66218ab77425.rna_seq.augmented_star_gene_counts.tsv,Tumor,2,TCGA-44-8117,I,I/II,LIVING,385.0,0,54,FEMALE,,,
2b4652fb-eef5-427e-b4f0-24164c042e52.rna_seq.augmented_star_gene_counts.tsv,Normal,3,TCGA-44-2665,II,I/II,LIVING,1301.0,0,55,FEMALE,none,none,none
2b99d8d7-f329-4fe6-97b5-167953311755.rna_seq.augmented_star_gene_counts.tsv,Tumor,1,TCGA-95-A4VN,II,I/II,LIVING,553.0,0,62,FEMALE,,,
2beab6d3-563d-421f-bf4a-7e1f843ec637.rna_seq.augmented_star_gene_counts.tsv,Tumor,2,TCGA-97-8547,III,III/IV,LIVING,657.0,0,78,FEMALE,,,
2e86db3a-ac57-49d2-8378-5d5e7412eff7.rna_seq.augmented_star_gene_counts.tsv,Tumor,1,TCGA-50-6673,I,I/II,DECEASED,22.0,1,84,FEMALE,none,p.773_774insH,none
2f00871b-1c4a-4fe9-94f6-42493fd95841.rna_seq.augmented_star_gene_counts.tsv,Tumor,1,TCGA-80-5607,II,I/II,LIVING,,0,,FEMALE,none,none,none
2f03d42e-9735-4edb-87d9-ec443b7801a5.rna_seq.augmented_star_gene_counts.tsv,Tumor,1,TCGA-49-4514,I,I/II,LIVING,1700.0,0,79,FEMALE,none,none,none
2f8abb88-ae9f-4315-bcad-4263862bd11b.rna_seq.augmented_star_gene_counts.tsv,Tumor,1,TCGA-78-8660,II,I/II,DECEASED,321.0,1,69,MALE,,,
2f93d52a-e8ab-454b-ae76-74b35cd561da.rna_seq.augmented_star_gene_counts.tsv,Normal,3,TCGA-50-5935,I,I/II,DECEASED,653.0,1,86,FEMALE,none,none,none
2f966635-6a77-4205-9bab-df5940a973aa.rna_seq.augmented_star_gene_counts.tsv,Tumor,3,TCGA-91-8496,I,I/II,LIVING,505.0,0,63,FEMALE,,,
2fde57cd-97d2-492d-b37d-a4e2d43239cf.rna_seq.augmented_star_gene_counts.tsv,Tumor,1,TCGA-55-6986,I,I/II,LIVING,3261.0,0,74,FEMALE,none,none,none
3041806b-5855-4930-aeb8-a30472658d54.rna_seq.augmented_star_gene_counts.tsv,Tumor,3,TCGA-4B-A93V,I,I/II,DECEASED,300.0,1,52,FEMALE,,,
30a6ea89-8eda-47cf-b336-e070fcd08740.rna_seq.augmented_star_gene_counts.tsv,Tumor,2,TCGA-NJ-A4YI,III,III/IV,DECEASED,4.0,1,87,FEMALE,,,
31a238a8-4238-4d56-aac5-4769ce173664.rna_seq.augmented_star_gene_counts.tsv,Normal,2,TCGA-55-6983,II,I/II,LIVING,2823.0,0,81,MALE,p.G12C,none,p.R75fs
32248a54-89ad-43a3-aa20-1c1897cb0054.rna_seq.augmented_star_gene_counts.tsv,Tumor,2,TCGA-86-6851,II,I/II,LIVING,179.0,0,73,FEMALE,none,none,none
322ff57d-60a1-45d6-a103-c953d11924f1.rna_seq.augmented_star_gene_counts.tsv,Tumor,2,TCGA-38-4628,II,I/II,DECEASED,1492.0,1,65,FEMALE,none,p.ELREA746del,none
325c7d6b-292d-46e5-85d1-785ae8a48c33.rna_seq.augmented_star_gene_counts.tsv,Tumor,3,TCGA-44-2659,II,I/II,LIVING,1367.0,0,65,FEMALE,none,none,none
32675d71-6f79-4b8f-ab7c-e2350b15875c.rna_seq.augmented_star_gene_counts.tsv,Tumor,1,TCGA-44-A47G,I,I/II,LIVING,351.0,0,73,FEMALE,,,
3289364c-0dc2-43e8-bfe2-57d25e8612e5.rna_seq.augmented_star_gene_counts.tsv,Tumor,2,TCGA-73-A9RS,II,I/II,DECEASED,340.0,1,41,MALE,,,
32dd8db9-1e43-497e-a35a-664d7d15ed60.rna_seq.augmented_star_gene_counts.tsv,Tumor,1,TCGA-55-8091,I,I/II,LIVING,600.0,0,74,MALE,,,
32e5ef2b-4387-4d2c-8e62-d18b5106414f.rna_seq.augmented_star_gene_counts.tsv,Tumor,2,TCGA-73-4676,II,I/II,DECEASED,281.0,1,45,MALE,none,none,none
32ff57d1-3fde-461b-be45-e49365149543.rna_seq.augmented_star_gene_counts.tsv,Normal,2,TCGA-44-6145,I,I/II,LIVING,595.0,0,62,FEMALE,p.G12V,none,none
330845b9-1d53-47af-8cb7-30ce5d30625d.rna_seq.augmented_star_gene_counts.tsv,Tumor,1,TCGA-49-4505,II,I/II,DECEASED,428.0,1,61,FEMALE,p.G12C,none,none
3369898e-21d8-4ded-8bbc-a746b1a743ad.rna_seq.augmented_star_gene_counts.tsv,Tumor,1,TCGA-44-6775,I,I/II,LIVING,705.0,0,72,FEMALE,none,none,none
33e0a8b2-3e7e-46da-b5ef-76463308d3b9.rna_seq.augmented_star_gene_counts.tsv,Tumor,2,TCGA-44-2662,I,I/II,LIVING,1280.0,0,65,MALE,none,none,none
34774d7b-1184-4b5f-b6a9-e16c428ca7ce.rna_seq.augmented_star_gene_counts.tsv,Tumor,1,TCGA-86-8076,I,I/II,LIVING,993.0,0,42,MALE,,,
34d64c67-b35b-418e-a7b2-759804876762.rna_seq.augmented_star_gene_counts.tsv,Tumor,1,TCGA-91-6849,III,III/IV,LIVING,35.0,0,75,FEMALE,p.G12C,none,p.G288_splice
35a9d225-0988-4e31-9a39-d54f3a63bea8.rna_seq.augmented_star_gene_counts.tsv,Tumor,1,TCGA-L9-A743,II,I/II,LIVING,664.0,0,56,MALE,,,
35fc369e-6f16-415b-badb-380eedb2157b.rna_seq.augmented_star_gene_counts.tsv,Tumor,1,TCGA-78-7161,II,I/II,DECEASED,291.0,1,69,FEMALE,p.G12V,none,p.G155_splice
36280315-a32b-4743-8a78-82bbfd116b82.rna_seq.augmented_star_gene_counts.tsv,Normal,2,TCGA-49-4512,III,III/IV,DECEASED,905.0,1,69,FEMALE,none,none,none
367864dd-ccd2-473e-9661-6ff4342a4e64.rna_seq.augmented_star_gene_counts.tsv,Tumor,1,TCGA-73-4658,I,I/II,DECEASED,1600.0,1,80,FEMALE,none,none,none
36db1d28-8a10-46cc-91ef-d5036aaba9c3.rna_seq.augmented_star_gene_counts.tsv,Tumor,1,TCGA-05-4432,II,I/II,LIVING,761.0,0,66,MALE,none,none,p.137_138QE>H*
36f81494-52c4-49db-9dba-26a0c2de2e8e.rna_seq.augmented_star_gene_counts.tsv,Tumor,1,TCGA-99-8025,III,III/IV,LIVING,1060.0,0,72,FEMALE,,,
38fbb0e8-cd18-425d-becf-791c8e8a8911.rna_seq.augmented_star_gene_counts.tsv,Tumor,1,TCGA-49-AAQV,II,I/II,DECEASED,677.0,1,63,FEMALE,,,
39807893-979e-44c6-ada9-444c68b863c3.rna_seq.augmented_star_gene_counts.tsv,Tumor,2,TCGA-MP-A4T4,II,I/II,DECEASED,2617.0,1,68,FEMALE,,,
39af4940-aeba-4d26-96fc-68da8663bc81.rna_seq.augmented_star_gene_counts.tsv,Tumor,2,TCGA-49-4486,I,I/II,DECEASED,2318.0,1,72,MALE,none,none,p.N181I
3a284d39-2913-4d8c-b46a-9b1e991cfd0b.rna_seq.augmented_star_gene_counts.tsv,Tumor,3,TCGA-NJ-A4YF,I,I/II,LIVING,2161.0,0,50,FEMALE,,,
3a8b14d9-c521-48d4-9400-074d752afe1b.rna_seq.augmented_star_gene_counts.tsv,Tumor,1,TCGA-MP-A4T8,III,III/IV,DECEASED,161.0,1,68,MALE,,,
3b21349a-ee41-45bf-87de-19b6cda494d5.rna_seq.augmented_star_gene_counts.tsv,Tumor,1,TCGA-69-7973,I,I/II,LIVING,230.0,0,42,FEMALE,,,
3b286ed4-51bd-4a1e-9eab-b0ee9adf3b72.rna_seq.augmented_star_gene_counts.tsv,Tumor,1,TCGA-80-5608,I,I/II,LIVING,2832.0,0,,FEMALE,p.G12A,none,p.K62*
3b5d9bee-5e4f-4afc-b297-2f072ef18a93.rna_seq.augmented_star_gene_counts.tsv,Tumor,1,TCGA-44-7671,I,I/II,LIVING,889.0,0,64,MALE,p.G12C,none,p.K262*
3c6fdcc9-916b-4ec2-be58-1dd15e7d94a2.rna_seq.augmented_star_gene_counts.tsv,Tumor,1,TCGA-MP-A4T9,III,III/IV,DECEASED,1265.0,1,54,FEMALE,,,
3ce23908-d2b9-42b0-a409-5fbd767496c2.rna_seq.augmented_star_gene_counts.tsv,Tumor,2,TCGA-49-6742,II,I/II,DECEASED,488.0,1,70,MALE,none,none,none
3d006e45-8ebf-4ba1-b003-13b711c0d0ee.rna_seq.augmented_star_gene_counts.tsv,Tumor,2,TCGA-78-7540,I,I/II,DECEASED,1197.0,1,66,FEMALE,p.G12V,none,none
3d11905a-16eb-40b2-a36b-e37dca6359d3.rna_seq.augmented_star_gene_counts.tsv,Tumor,2,TCGA-44-2662,I,I/II,LIVING,1280.0,0,65,MALE,none,none,none
3db0576d-969f-4cb6-9e5d-51407b953ef4.rna_seq.augmented_star_gene_counts.tsv,Normal,2,TCGA-55-6986,I,I/II,LIVING,3261.0,0,74,FEMALE,none,none,none
3dbeacde-e4f1-443a-b34e-28c44acce88c.rna_seq.augmented_star_gene_counts.tsv,Normal,3,TCGA-91-6836,I,I/II,LIVING,417.0,0,52,FEMALE,,,
3ddd596f-b02f-4b51-a837-3c684437600f.rna_seq.augmented_star_gene_counts.tsv,Tumor,1,TCGA-05-5423,II,I/II,LIVING,151.0,0,65,MALE,none,"p.L833F, p.L861Q",none
3dde8e24-6a2b-49ab-b4df-c058f18a3851.rna_seq.augmented_star_gene_counts.tsv,Tumor,2,TCGA-78-7536,III,III/IV,DECEASED,244.0,1,69,MALE,none,none,p.G279fs
3e08ac76-9fba-40cf-8743-e2e1fb14f067.rna_seq.augmented_star_gene_counts.tsv,Tumor,3,TCGA-50-6594,III,III/IV,DECEASED,370.0,1,79,FEMALE,,,
3e5fa22c-f02a-4da4-881c-6aa2869058c1.rna_seq.augmented_star_gene_counts.tsv,Tumor,1,TCGA-86-8281,I,I/II,LIVING,0.0,0,75,MALE,,,
3f579bea-4481-42cd-b433-4f4ff65cf7b0.rna_seq.augmented_star_gene_counts.tsv,Tumor,1,TCGA-44-3918,I,I/II,LIVING,1036.0,0,60,FEMALE,,,
3f79d678-e5d5-443e-a7df-187c2acd2b2c.rna_seq.augmented_star_gene_counts.tsv,Tumor,1,TCGA-44-6148,I,I/II,LIVING,704.0,0,60,MALE,,,
3f7a9aee-2d10-4426-855b-de9a48b278ce.rna_seq.augmented_star_gene_counts.tsv,Tumor,2,TCGA-05-4395,III,III/IV,DECEASED,0.0,1,76,MALE,p.G12V,none,p.G56W
40386f32-719d-480f-9ba7-57e1eea23b30.rna_seq.augmented_star_gene_counts.tsv,Tumor,1,TCGA-91-A4BD,II,I/II,LIVING,603.0,0,78,MALE,,,
404aadcc-cb30-4dba-b2b3-efd573cd9ffe.rna_seq.augmented_star_gene_counts.tsv,Tumor,2,TCGA-55-8087,I,I/II,LIVING,462.0,0,59,FEMALE,,,
4102816c-2ab8-4ecb-83b0-4f78c052bcd8.rna_seq.augmented_star_gene_counts.tsv,Tumor,1,TCGA-55-6543,I,I/II,LIVING,435.0,0,60,FEMALE,none,none,none
41fde338-9254-4ad2-9806-d7864c2d038e.rna_seq.augmented_star_gene_counts.tsv,Tumor,1,TCGA-MP-A4SY,II,I/II,DECEASED,1501.0,1,61,MALE,,,
42ecec5f-f097-4d86-a9d9-cf0507b08c42.rna_seq.augmented_star_gene_counts.tsv,Tumor,1,TCGA-55-8097,I,I/II,LIVING,476.0,0,60,FEMALE,,,
430458f1-86d8-4ec8-a8fe-6a58ac832bdd.rna_seq.augmented_star_gene_counts.tsv,Tumor,2,TCGA-05-4382,I,I/II,LIVING,607.0,0,68,MALE,none,"p.R222L, p.E545Q",none
45310b76-8ea1-4d13-9d9f-1f1d874e0285.rna_seq.augmented_star_gene_counts.tsv,Tumor,1,TCGA-44-8119,II,I/II,LIVING,285.0,0,73,MALE,,,
4564496a-31da-4537-abe0-5b3f2455ed13.rna_seq.augmented_star_gene_counts.tsv,Tumor,2,TCGA-05-5429,III,III/IV,DECEASED,275.0,1,60,MALE,none,none,none
461cd8f2-fe53-448d-b6a9-0a95792464c7.rna_seq.augmented_star_gene_counts.tsv,Tumor,1,TCGA-86-8358,I,I/II,LIVING,653.0,0,44,MALE,,,
4772e349-a753-4c41-9c48-ae3af0f58520.rna_seq.augmented_star_gene_counts.tsv,Tumor,1,TCGA-55-A48Y,II,I/II,LIVING,630.0,0,69,MALE,,,
4822db97-46d7-4302-bef9-63086b777e9c.rna_seq.augmented_star_gene_counts.tsv,Tumor,1,TCGA-93-A4JO,I,I/II,DECEASED,33.0,1,70,MALE,,,
482e60ad-222e-4ead-8a3c-a3b44e54aa5e.rna_seq.augmented_star_gene_counts.tsv,Tumor,3,TCGA-55-A494,I,I/II,LIVING,481.0,0,61,FEMALE,,,
484f0a13-a636-484b-9880-5066955dee6e.rna_seq.augmented_star_gene_counts.tsv,Tumor,2,TCGA-64-5781,I,I/II,LIVING,1559.0,0,55,FEMALE,none,none,none
48fdafbf-3f8b-46ba-8aa9-f081f0b54739.rna_seq.augmented_star_gene_counts.tsv,Tumor,2,TCGA-55-A57B,I,I/II,LIVING,546.0,0,80,FEMALE,,,
4933c476-e3f3-45b0-b158-dcbe0539644e.rna_seq.augmented_star_gene_counts.tsv,Tumor,2,TCGA-44-7660,I,I/II,LIVING,592.0,0,72,MALE,,,
4966ebc7-b3d5-49d1-885d-f6ae4a8781e6.rna_seq.augmented_star_gene_counts.tsv,Tumor,1,TCGA-55-6982,II,I/II,DECEASED,995.0,1,79,FEMALE,none,none,none
49932944-ad54-4c6c-affc-08a4b76de933.rna_seq.augmented_star_gene_counts.tsv,Tumor,1,TCGA-55-6984,II,I/II,DECEASED,760.0,1,71,FEMALE,,,
49ab8f1a-6252-47b0-9f16-63e065f33efd.rna_seq.augmented_star_gene_counts.tsv,Tumor,1,TCGA-67-3772,I,I/II,LIVING,573.0,0,82,FEMALE,none,p.L858R,none
49acc5ad-6a61-41e1-9acb-4260e932a184.rna_seq.augmented_star_gene_counts.tsv,Tumor,1,TCGA-55-7570,I,I/II,LIVING,824.0,0,60,MALE,,,
4a1a0323-0cfb-4f33-ba44-0039283f9334.rna_seq.augmented_star_gene_counts.tsv,Tumor,1,TCGA-75-5126,III,III/IV,LIVING,,0,,FEMALE,p.G12C,none,none
4a39a182-e583-4ff0-a8f0-f73b0f5c4f20.rna_seq.augmented_star_gene_counts.tsv,Tumor,1,TCGA-50-5939,I,I/II,DECEASED,460.0,1,85,MALE,none,none,none
4a967e6f-d39a-4fe5-864b-a43e8184a852.rna_seq.augmented_star_gene_counts.tsv,Tumor,1,TCGA-49-AAR2,I,I/II,LIVING,2224.0,0,64,MALE,,,
4ad05e6b-e3d8-4048-8f61-1e79e421de0b.rna_seq.augmented_star_gene_counts.tsv,Tumor,1,TCGA-95-7567,II,I/II,LIVING,568.0,0,61,MALE,p.G12V,none,none
4b6c958a-7e20-4b88-b30a-2406b123c8c1.rna_seq.augmented_star_gene_counts.tsv,Tumor,1,TCGA-97-8177,I,I/II,LIVING,499.0,0,59,FEMALE,,,
4b6faa2b-5b8d-4ee5-ac5d-aafa6d95327f.rna_seq.augmented_star_gene_counts.tsv,Tumor,1,TCGA-64-5778,I,I/II,LIVING,1305.0,0,60,MALE,p.G12C,none,none
4f332295-b93c-48bf-8125-3a1539a03742.rna_seq.augmented_star_gene_counts.tsv,Normal,2,TCGA-55-6970,III,III/IV,DECEASED,464.0,1,67,FEMALE,p.G12V,none,p.T250fs
4f721842-9460-4376-b577-59c3731f34a6.rna_seq.augmented_star_gene_counts.tsv,Tumor,1,TCGA-64-5815,II,I/II,LIVING,866.0,0,74,MALE,,,
4f8b284e-7e42-45c5-b7cc-57cc678ec3df.rna_seq.augmented_star_gene_counts.tsv,Tumor,1,TCGA-44-A47A,I,I/II,LIVING,466.0,0,78,FEMALE,,,
50c308c9-922a-4083-ae09-e5e4d8c437af.rna_seq.augmented_star_gene_counts.tsv,Tumor,1,TCGA-49-AARE,I,I/II,DECEASED,1229.0,1,51,FEMALE,,,
5158a031-b856-4423-9418-031b3107e88f.rna_seq.augmented_star_gene_counts.tsv,Tumor,1,TCGA-86-8075,I,I/II,DECEASED,694.0,1,66,FEMALE,,,
5241ced4-4a72-40dc-9698-a647fb6d03a4.rna_seq.augmented_star_gene_counts.tsv,Tumor,1,TCGA-99-8028,I,I/II,LIVING,1118.0,0,50,FEMALE,,,
525e9185-ed15-403d-8987-93c50e4b89a1.rna_seq.augmented_star_gene_counts.tsv,Tumor,1,TCGA-44-6774,III,III/IV,LIVING,658.0,0,56,FEMALE,none,none,none
52b34ef3-a814-4aa9-a395-6beea6a71f11.rna_seq.augmented_star_gene_counts.tsv,Tumor,1,TCGA-05-4405,I,I/II,LIVING,610.0,0,74,FEMALE,none,none,none
52beaa60-92f3-48cf-a695-78bb66ccd4f6.rna_seq.augmented_star_gene_counts.tsv,Tumor,1,TCGA-55-6970,III,III/IV,DECEASED,464.0,1,67,FEMALE,p.G12V,none,p.T250fs
52e52b5d-4112-4616-8ddd-2a4524a91778.rna_seq.augmented_star_gene_counts.tsv,Tumor,3,TCGA-50-6591,IV,III/IV,DECEASED,119.0,1,63,FEMALE,,,
53244201-6282-42ea-9da4-31524ca39bf8.rna_seq.augmented_star_gene_counts.tsv,Tumor,2,TCGA-86-8279,II,I/II,LIVING,949.0,0,46,MALE,,,
534541e5-89a2-46bc-98d3-1fed57d6e4c1.rna_seq.augmented_star_gene_counts.tsv,Tumor,1,TCGA-62-A46Y,III,III/IV,DECEASED,414.0,1,70,FEMALE,,,
5418228b-cfd0-4580-87c6-3ebf6282ad73.rna_seq.augmented_star_gene_counts.tsv,Tumor,3,TCGA-55-6972,I,I/II,DECEASED,1632.0,1,72,MALE,none,none,none
5444c7d2-9c7e-4b9e-a8ee-7d64c375be17.rna_seq.augmented_star_gene_counts.tsv,Tumor,1,TCGA-MP-A4TD,III,III/IV,DECEASED,307.0,1,71,MALE,,,
55071ef3-bf09-43a2-a54c-a9ec61a84615.rna_seq.augmented_star_gene_counts.tsv,Tumor,1,TCGA-86-7713,II,I/II,LIVING,1157.0,0,70,MALE,p.G12C,none,p.L245F
5511e816-3ce5-4d0c-80a7-71ee42ba8fc9.rna_seq.augmented_star_gene_counts.tsv,Normal,3,TCGA-55-6984,II,I/II,DECEASED,760.0,1,71,FEMALE,,,
5541c1a3-e0e5-4ded-ae0a-687e87a7d708.rna_seq.augmented_star_gene_counts.tsv,Tumor,2,TCGA-75-6203,III,III/IV,LIVING,,0,,FEMALE,none,none,none
555b77b9-d686-4f0e-a099-25bd5715a5e9.rna_seq.augmented_star_gene_counts.tsv,Tumor,2,TCGA-50-6597,I,I/II,DECEASED,1268.0,1,79,FEMALE,none,none,none
55e5447a-96d1-4d95-91ad-b5790392bbfa.rna_seq.augmented_star_gene_counts.tsv,Tumor,1,TCGA-50-5072,III,III/IV,DECEASED,250.0,1,74,MALE,none,none,p.K97_splice
56081bb7-480c-446f-9e21-41627df3b569.rna_seq.augmented_star_gene_counts.tsv,Tumor,3,TCGA-95-7944,I,I/II,LIVING,377.0,0,71,MALE,,,
564e41d6-f9a4-4a6b-bb97-f8e5423b84bd.rna_seq.augmented_star_gene_counts.tsv,Tumor,1,TCGA-69-8453,II,I/II,LIVING,813.0,0,77,MALE,,,
56afb18f-7fdd-4672-be59-4d3a03b806de.rna_seq.augmented_star_gene_counts.tsv,Tumor,2,TCGA-50-5049,I,I/II,LIVING,3094.0,0,70,MALE,none,none,none
56ba7921-5bee-4a1e-9fba-a78a034547a6.rna_seq.augmented_star_gene_counts.tsv,Tumor,1,TCGA-55-8614,I,I/II,LIVING,536.0,0,76,MALE,,,
56c858be-3637-4ba0-81be-208a3edac992.rna_seq.augmented_star_gene_counts.tsv,Tumor,1,TCGA-97-7941,I,I/II,LIVING,484.0,0,72,FEMALE,p.G12A,none,none
56d2e7e0-7686-417f-a698-393a1385d87e.rna_seq.augmented_star_gene_counts.tsv,Tumor,1,TCGA-55-8510,I,I/II,LIVING,539.0,0,55,FEMALE,,,
56d7d6b5-33c0-4551-967c-afce1f970395.rna_seq.augmented_star_gene_counts.tsv,Tumor,2,TCGA-91-6831,I,I/II,LIVING,310.0,0,66,MALE,,,
57048ebe-3153-4e65-bbca-eadb92b99d31.rna_seq.augmented_star_gene_counts.tsv,Tumor,1,TCGA-NJ-A4YP,I,I/II,LIVING,50.0,0,52,MALE,,,
57512aba-e397-4ab8-b1ed-de197e6f92fd.rna_seq.augmented_star_gene_counts.tsv,Tumor,1,TCGA-49-AAR0,I,I/II,LIVING,4765.0,0,57,MALE,,,
57ae0185-984b-40a7-8d95-1a6a2cc0b03a.rna_seq.augmented_star_gene_counts.tsv,Tumor,1,TCGA-NJ-A55R,I,I/II,LIVING,603.0,0,67,MALE,,,
57d89d75-a9bb-4bd3-af76-d29def9a9625.rna_seq.augmented_star_gene_counts.tsv,Tumor,2,TCGA-55-8620,IV,III/IV,DECEASED,375.0,1,60,MALE,,,
58681163-9f9d-4f74-a1bb-3a4bcb4856d6.rna_seq.augmented_star_gene_counts.tsv,Tumor,1,TCGA-49-AARR,I,I/II,LIVING,4992.0,0,68,MALE,,,
58e4f0e6-3b0f-4370-8abf-0b4d533672c5.rna_seq.augmented_star_gene_counts.tsv,Tumor,2,TCGA-44-2668,I,I/II,DECEASED,761.0,1,51,MALE,,,
593623b6-0f7d-4089-8697-518c573c86c6.rna_seq.augmented_star_gene_counts.tsv,Tumor,1,TCGA-86-8056,III,III/IV,LIVING,139.0,0,63,FEMALE,,,
59578e5d-b76f-46eb-b5d9-7c90b8a9dbe4.rna_seq.augmented_star_gene_counts.tsv,Tumor,2,TCGA-78-7539,II,I/II,LIVING,791.0,0,75,FEMALE,p.G12C,none,none
597af330-73d5-4905-803e-56d744ab723d.rna_seq.augmented_star_gene_counts.tsv,Tumor,1,TCGA-55-7728,I,I/II,LIVING,704.0,0,64,FEMALE,p.G12V,none,none
59a0b90e-8b8b-41b8-95f0-d51961a94be5.rna_seq.augmented_star_gene_counts.tsv,Tumor,1,TCGA-05-4396,III,III/IV,DECEASED,303.0,1,76,MALE,none,none,none
59e8b7b7-5183-4655-aa5e-e4b5ba73eded.rna_seq.augmented_star_gene_counts.tsv,Tumor,1,TCGA-55-7727,III,III/IV,LIVING,119.0,0,70,MALE,none,none,none
5a1b3a79-375e-47a7-8a30-b37fbfd8162d.rna_seq.augmented_star_gene_counts.tsv,Tumor,1,TCGA-05-4390,I,I/II,LIVING,1126.0,0,58,FEMALE,p.G12V,none,none
5a335f07-9b07-46cf-8902-503b24f89bfa.rna_seq.augmented_star_gene_counts.tsv,Tumor,1,TCGA-64-5774,I,I/II,LIVING,2676.0,0,60,MALE,p.G12C,none,none
5c5dec6e-b6ee-44af-a42e-485bdf54bde4.rna_seq.augmented_star_gene_counts.tsv,Normal,2,TCGA-55-6972,I,I/II,DECEASED,1632.0,1,72,MALE,none,none,none
5d081953-cf3a-40cb-95bf-f418ed3879ac.rna_seq.augmented_star_gene_counts.tsv,Tumor,1,TCGA-S2-AA1A,I,I/II,LIVING,513.0,0,68,FEMALE,,,
5d843590-36a7-4568-88a4-2bc09e14927f.rna_seq.augmented_star_gene_counts.tsv,Tumor,2,TCGA-78-8648,II,I/II,DECEASED,1209.0,1,58,FEMALE,,,
5eef868d-7c7f-42e8-aabf-ce3f75405c7a.rna_seq.augmented_star_gene_counts.tsv,Tumor,2,TCGA-95-7948,I,I/II,LIVING,476.0,0,42,FEMALE,none,none,none
5f74c5cb-1127-4a5c-975e-58e5abc4db03.rna_seq.augmented_star_gene_counts.tsv,Tumor,1,TCGA-44-7672,I,I/II,LIVING,719.0,0,52,FEMALE,p.G12A,none,none
5fd9d2a8-3a95-440c-a0de-8ad5fd86e156.rna_seq.augmented_star_gene_counts.tsv,Tumor,2,TCGA-05-5420,III,III/IV,LIVING,457.0,0,67,MALE,none,none,none
602ac1fc-c8ad-4e47-988b-1e9e1aa3ce26.rna_seq.augmented_star_gene_counts.tsv,Normal,2,TCGA-55-6982,II,I/II,DECEASED,995.0,1,79,FEMALE,none,none,none
6078603d-a4e2-4a1a-abca-01fb63106888.rna_seq.augmented_star_gene_counts.tsv,Tumor,1,TCGA-MN-A4N1,II,I/II,LIVING,827.0,0,60,MALE,,,
60cc41cd-a0af-4cad-a4be-253781e2f0b8.rna_seq.augmented_star_gene_counts.tsv,Tumor,2,TCGA-49-6761,III,III/IV,LIVING,354.0,0,68,FEMALE,p.G12D,none,none
61807b4d-bbab-4ea8-a904-35c562ec6c29.rna_seq.augmented_star_gene_counts.tsv,Tumor,2,TCGA-44-A4SS,I,I/II,LIVING,415.0,0,73,MALE,,,
6200626d-556e-400d-81f4-e397ce49585f.rna_seq.augmented_star_gene_counts.tsv,Tumor,3,TCGA-91-8499,I,I/II,LIVING,36.0,0,76,FEMALE,,,
62b8c824-3e80-4341-bfee-78d04be904c9.rna_seq.augmented_star_gene_counts.tsv,Tumor,1,TCGA-83-5908,I,I/II,LIVING,824.0,0,59,FEMALE,,,
6338619f-470c-4ae1-8b45-959b5f9ad3da.rna_seq.augmented_star_gene_counts.tsv,Tumor,2,TCGA-44-6146,II,I/II,LIVING,728.0,0,64,MALE,p.G12V,none,none
6460f151-7102-476d-b03b-fb4ea776b1ea.rna_seq.augmented_star_gene_counts.tsv,Tumor,1,TCGA-49-AARN,I,I/II,DECEASED,1135.0,1,56,FEMALE,,,
64a2d5cb-2892-4d2a-aa7a-cc1a6dec1c46.rna_seq.augmented_star_gene_counts.tsv,Tumor,1,TCGA-MP-A4TA,I,I/II,DECEASED,950.0,1,75,FEMALE,,,
6531e137-3d23-44e7-af10-51e9cc517192.rna_seq.augmented_star_gene_counts.tsv,Tumor,3,TCGA-78-8662,I,I/II,DECEASED,3361.0,1,53,FEMALE,,,
6545e778-687c-4b82-b6b6-b5d438879069.rna_seq.augmented_star_gene_counts.tsv,Tumor,3,TCGA-78-7535,I,I/II,DECEASED,949.0,1,45,MALE,none,none,p.L245_splice
655b5152-d150-4b2a-b7cc-ef70dc0b2256.rna_seq.augmented_star_gene_counts.tsv,Tumor,1,TCGA-44-2666,I,I/II,DECEASED,97.0,1,43,MALE,none,none,none
65a2c4cf-7c84-4ca8-a37e-8deecb6ef026.rna_seq.augmented_star_gene_counts.tsv,Tumor,3,TCGA-86-7711,II,I/II,DECEASED,1046.0,1,70,MALE,,,
6667948a-1834-4572-a1b3-3bc9096650e8.rna_seq.augmented_star_gene_counts.tsv,Tumor,1,TCGA-78-7542,I,I/II,DECEASED,321.0,1,56,MALE,none,none,none
673621c0-f5d4-4eea-a0ae-469214a70e82.rna_seq.augmented_star_gene_counts.tsv,Tumor,2,TCGA-78-7166,II,I/II,DECEASED,258.0,1,84,MALE,p.G12C,none,"p.G56V, p.K78E"
67fc0674-3f48-41ec-a650-7efaa41607fa.rna_seq.augmented_star_gene_counts.tsv,Tumor,1,TCGA-NJ-A55A,I,I/II,LIVING,15.0,0,76,FEMALE,,,
6804af50-1b4f-4872-83b8-bae24d398cb4.rna_seq.augmented_star_gene_counts.tsv,Tumor,2,TCGA-L9-A7SV,II,I/II,LIVING,565.0,0,69,MALE,,,
681308e4-1122-4343-9d6b-63df6a39d302.rna_seq.augmented_star_gene_counts.tsv,Tumor,1,TCGA-MP-A4TH,I,I/II,LIVING,741.0,0,70,FEMALE,,,
68f5d95d-e7ae-46d3-b836-e741fde98f23.rna_seq.augmented_star_gene_counts.tsv,Tumor,1,TCGA-73-4662,I,I/II,LIVING,2515.0,0,65,FEMALE,p.G12C,none,none
6906b453-44ef-404a-9fe6-2b4d5fa65110.rna_seq.augmented_star_gene_counts.tsv,Tumor,1,TCGA-44-2661,I,I/II,LIVING,1159.0,0,69,FEMALE,none,p.ELREA746del,none
6a8d149a-963f-4e36-a031-aef7b057452b.rna_seq.augmented_star_gene_counts.tsv,Normal,3,TCGA-50-5936,III,III/IV,DECEASED,257.0,1,58,MALE,none,none,none
6aa56177-0576-454d-81e8-28aa9ce76406.rna_seq.augmented_star_gene_counts.tsv,Tumor,1,TCGA-MP-A4TI,II,I/II,DECEASED,429.0,1,72,MALE,,,
6af2f60a-15cf-401e-8e3b-e44637fbd92e.rna_seq.augmented_star_gene_counts.tsv,Normal,2,TCGA-44-5645,I,I/II,LIVING,852.0,0,61,FEMALE,none,none,none
6b48d62b-0932-48df-9448-ae6dcb8853b2.rna_seq.augmented_star_gene_counts.tsv,Tumor,1,TCGA-55-8302,I,I/II,LIVING,478.0,0,54,MALE,,,
6b51d2ce-51ed-4b34-890d-9f83d363118c.rna_seq.augmented_star_gene_counts.tsv,Tumor,1,TCGA-93-7347,I,I/II,LIVING,683.0,0,76,FEMALE,p.G12C,none,none
6c438dcf-6ec0-4bf7-8122-875490967b70.rna_seq.augmented_star_gene_counts.tsv,Tumor,2,TCGA-MP-A5C7,I,I/II,LIVING,2248.0,0,76,FEMALE,,,
6d614e24-5a82-409e-bb6e-c52c5f53efd5.rna_seq.augmented_star_gene_counts.tsv,Normal,3,TCGA-44-2662,I,I/II,LIVING,1280.0,0,65,MALE,none,none,none
6e2e3178-73ad-4590-a56b-bb7fd9984acd.rna_seq.augmented_star_gene_counts.tsv,Tumor,3,TCGA-55-6969,I,I/II,LIVING,1239.0,0,52,MALE,,,
6efebff1-f165-415e-9001-45a782638785.rna_seq.augmented_star_gene_counts.tsv,Tumor,1,TCGA-49-6744,II,I/II,LIVING,1683.0,0,64,FEMALE,none,none,none
6f53a60f-3be2-48df-a15a-4675e99efba1.rna_seq.augmented_star_gene_counts.tsv,Tumor,1,TCGA-38-4632,IV,III/IV,DECEASED,1357.0,1,42,MALE,none,none,none
6f6bf240-1ca4-47d0-9a77-17b0ce9b8ae7.rna_seq.augmented_star_gene_counts.tsv,Tumor,1,TCGA-55-1592,I,I/II,DECEASED,701.0,1,65,MALE,none,none,none
7086e8ce-d1e5-4901-ac33-31c299f46356.rna_seq.augmented_star_gene_counts.tsv,Tumor,1,TCGA-55-8204,I,I/II,LIVING,515.0,0,87,FEMALE,,,
70d623a4-5140-4010-8eed-5f95a9fdd168.rna_seq.augmented_star_gene_counts.tsv,Tumor,3,TCGA-05-4245,,,,,0,,,,,
71809317-f775-4faa-b1c6-40bae85c69aa.rna_seq.augmented_star_gene_counts.tsv,Tumor,1,TCGA-93-A4JQ,I,I/II,LIVING,526.0,0,49,MALE,,,
72726dc4-fa08-4e34-9539-29ddb19dd782.rna_seq.augmented_star_gene_counts.tsv,Tumor,1,TCGA-49-4501,I,I/II,DECEASED,1421.0,1,67,FEMALE,none,p.ELREA746del,none
7276835e-ce0e-4fc6-a329-27d936c136ba.rna_seq.augmented_star_gene_counts.tsv,Tumor,2,TCGA-55-8094,IV,III/IV,LIVING,541.0,0,51,MALE,,,
72fe0e80-b3e6-4249-8345-fb9ff8d2ca9b.rna_seq.augmented_star_gene_counts.tsv,Tumor,3,TCGA-69-7760,II,I/II,LIVING,202.0,0,73,MALE,none,p.709_710ET>D,none
731c955b-e1e8-462a-9c94-64310f2d7eae.rna_seq.augmented_star_gene_counts.tsv,Tumor,2,TCGA-MN-A4N4,I,I/II,LIVING,1175.0,0,57,MALE,,,
73559b1e-ad93-432f-a7bb-c3946d4120d4.rna_seq.augmented_star_gene_counts.tsv,Tumor,2,TCGA-64-5779,III,III/IV,LIVING,864.0,0,61,MALE,,,
735e3d15-4df3-4162-b819-1ebc1991bfce.rna_seq.augmented_star_gene_counts.tsv,Tumor,2,TCGA-44-6146,II,I/II,LIVING,728.0,0,64,MALE,p.G12V,none,none
73babed8-f934-42c7-9020-30f7c3e1766d.rna_seq.augmented_star_gene_counts.tsv,Tumor,1,TCGA-50-5935,I,I/II,DECEASED,653.0,1,86,FEMALE,none,none,none
73d96384-ebea-4467-8663-ada78336233c.rna_seq.augmented_star_gene_counts.tsv,Tumor,1,TCGA-55-7911,I,I/II,LIVING,537.0,0,70,FEMALE,"p.G12V, p.K88*",none,none
73fc90cb-2b56-4a6b-8083-42f6647a2478.rna_seq.augmented_star_gene_counts.tsv,Tumor,3,TCGA-75-6214,III,III/IV,DECEASED,1115.0,1,,FEMALE,none,none,none
743f08af-5537-4454-a219-18639e5127c6.rna_seq.augmented_star_gene_counts.tsv,Tumor,2,TCGA-73-4666,IV,III/IV,LIVING,800.0,0,52,FEMALE,,,
74aaf5e2-be23-49b1-b694-3a3dde306a5d.rna_seq.augmented_star_gene_counts.tsv,Tumor,1,TCGA-55-7284,II,I/II,DECEASED,243.0,1,74,MALE,,,
74ab82a4-a55b-4e4c-b3f5-1f9317860914.rna_seq.augmented_star_gene_counts.tsv,Tumor,2,TCGA-55-7726,I,I/II,LIVING,652.0,0,72,FEMALE,p.G12C,none,none
758b1a4d-bd46-4611-b8c3-49c5f62a2dab.rna_seq.augmented_star_gene_counts.tsv,Tumor,1,TCGA-44-3918,I,I/II,LIVING,1036.0,0,60,FEMALE,,,
75eaaf2c-7cd9-416d-88c0-7c5502db9ab5.rna_seq.augmented_star_gene_counts.tsv,Tumor,2,TCGA-67-3773,I,I/II,LIVING,427.0,0,84,FEMALE,p.G12V,none,none
7623e22f-3401-47b3-be94-23f5da20ee0d.rna_seq.augmented_star_gene_counts.tsv,Tumor,1,TCGA-44-6776,I,I/II,LIVING,2616.0,0,60,FEMALE,p.G12D,none,p.Q220*
76413057-e8a8-42b7-b545-897e3b32580d.rna_seq.augmented_star_gene_counts.tsv,Tumor,1,TCGA-78-7152,I,I/II,DECEASED,1215.0,1,65,MALE,none,none,p.I29fs
7643fc1a-086e-4ea5-9766-3dde13cc00b4.rna_seq.augmented_star_gene_counts.tsv,Tumor,2,TCGA-75-6206,I,I/II,LIVING,2590.0,0,,MALE,,,
764d71c7-f003-4cf6-851e-1587f12b4a69.rna_seq.augmented_star_gene_counts.tsv,Tumor,2,TCGA-73-4668,II,I/II,LIVING,467.0,0,66,FEMALE,,,
765dc4a5-ce4d-4437-9061-20c018bbbade.rna_seq.augmented_star_gene_counts.tsv,Tumor,2,TCGA-44-3918,I,I/II,LIVING,1036.0,0,60,FEMALE,,,
772dcecf-b53d-42e2-8161-f48030150aa0.rna_seq.augmented_star_gene_counts.tsv,Tumor,2,TCGA-50-5944,I,I/II,LIVING,1750.0,0,69,FEMALE,none,p.L858R,none
77322072-2a7f-49e6-a9d1-c521c25acd70.rna_seq.augmented_star_gene_counts.tsv,Tumor,1,TCGA-69-7980,I,I/II,LIVING,362.0,0,70,FEMALE,p.G12A,none,none
77b82c3f-e20c-4e3b-a55c-08af359bbb6e.rna_seq.augmented_star_gene_counts.tsv,Tumor,1,TCGA-44-2665,II,I/II,LIVING,1301.0,0,55,FEMALE,none,none,none
77ca7978-5bc4-4264-8ca3-db132049c8a8.rna_seq.augmented_star_gene_counts.tsv,Tumor,1,TCGA-55-8096,I,I/II,DECEASED,719.0,1,67,FEMALE,,,
78bf9571-4145-4c0d-a61a-58a878351097.rna_seq.augmented_star_gene_counts.tsv,Tumor,1,TCGA-L9-A50W,II,I/II,DECEASED,442.0,1,75,MALE,,,
78e95f3e-1067-48a8-9429-dfdd6f587066.rna_seq.augmented_star_gene_counts.tsv,Tumor,1,TCGA-55-6980,I,I/II,LIVING,2109.0,0,56,MALE,none,p.709_710ET>D,none
7977a11b-246f-4c4c-a200-ee35d2d51fc5.rna_seq.augmented_star_gene_counts.tsv,Tumor,1,TCGA-44-6775,I,I/II,LIVING,705.0,0,72,FEMALE,none,none,none
79e12f4d-94d7-45f8-b251-6b0fcbb6b885.rna_seq.augmented_star_gene_counts.tsv,Tumor,1,TCGA-86-8673,I,I/II,LIVING,862.0,0,61,MALE,,,
7a7440bf-1ca1-4c6b-80f8-7151a38e5d18.rna_seq.augmented_star_gene_counts.tsv,Tumor,2,TCGA-67-6215,I,I/II,LIVING,174.0,0,52,FEMALE,none,none,none
7b07706f-a1b4-4f18-a276-0822b578cc40.rna_seq.augmented_star_gene_counts.tsv,Tumor,1,TCGA-50-5941,III,III/IV,LIVING,1474.0,0,55,FEMALE,p.G12A,none,none
7d46888b-282b-4f43-a09a-ff44bd1af110.rna_seq.augmented_star_gene_counts.tsv,Tumor,1,TCGA-64-1679,III,III/IV,LIVING,2488.0,0,58,FEMALE,none,none,none
7d9c7c34-76e0-4622-b5f7-60e12f6d4e07.rna_seq.augmented_star_gene_counts.tsv,Tumor,1,TCGA-55-7913,I,I/II,DECEASED,561.0,1,61,FEMALE,,,
7eab2708-6708-4f8e-b238-e06007754e7e.rna_seq.augmented_star_gene_counts.tsv,Tumor,1,TCGA-49-4510,II,I/II,DECEASED,896.0,1,51,FEMALE,p.G12D,none,none
7ec16b5a-7a86-4a22-9f1c-74d42ab1f43d.rna_seq.augmented_star_gene_counts.tsv,Tumor,2,TCGA-49-4506,II,I/II,DECEASED,999.0,1,68,FEMALE,none,none,none
7ecd6087-9663-4d9d-828d-d9e9b5241c3c.rna_seq.augmented_star_gene_counts.tsv,Tumor,1,TCGA-86-8674,II,I/II,LIVING,806.0,0,50,MALE,,,
7edd63ce-c5bb-4209-b8c8-98af0fae03ed.rna_seq.augmented_star_gene_counts.tsv,Tumor,3,TCGA-49-AAR9,II,I/II,DECEASED,260.0,1,61,MALE,,,
7f9b4506-b00b-4b6f-8469-d0e4a73df1d4.rna_seq.augmented_star_gene_counts.tsv,Tumor,1,TCGA-49-6745,III,III/IV,LIVING,522.0,0,82,MALE,none,none,none
80416b83-9ea2-4d33-8ba4-1fe9330d51f2.rna_seq.augmented_star_gene_counts.tsv,Tumor,1,TCGA-86-8671,II,I/II,LIVING,839.0,0,72,FEMALE,,,
80ef527d-5511-4944-a1b3-1426d98294b7.rna_seq.augmented_star_gene_counts.tsv,Normal,1,TCGA-55-6985,I,I/II,LIVING,1233.0,0,58,FEMALE,none,none,none
812033b2-3784-44bf-8913-56307b267ea9.rna_seq.augmented_star_gene_counts.tsv,Tumor,2,TCGA-44-2668,I,I/II,DECEASED,761.0,1,51,MALE,,,
819e9776-131f-4c00-b93c-9936cbcc55b8.rna_seq.augmented_star_gene_counts.tsv,Tumor,1,TCGA-05-4384,III,III/IV,LIVING,426.0,0,66,MALE,none,none,none
81a33f6c-0195-45c5-87e7-7748838d0a4e.rna_seq.augmented_star_gene_counts.tsv,Tumor,1,TCGA-69-7764,I,I/II,LIVING,414.0,0,75,MALE,none,none,none
81e85e60-a0b6-4898-8cb0-02ac1a70f157.rna_seq.augmented_star_gene_counts.tsv,Tumor,1,TCGA-44-3919,I,I/II,DECEASED,1026.0,1,71,FEMALE,none,none,none
828b6221-7b05-4e5f-aee0-0234f06fb81e.rna_seq.augmented_star_gene_counts.tsv,Tumor,1,TCGA-MP-A4TF,II,I/II,DECEASED,336.0,1,58,FEMALE,,,
841e54a1-9d65-4256-b70e-eb64659b40a4.rna_seq.augmented_star_gene_counts.tsv,Tumor,2,TCGA-L9-A444,I,I/II,LIVING,307.0,0,60,FEMALE,,,
84595c09-6f85-4a1d-98fa-7d9bc9dc2c28.rna_seq.augmented_star_gene_counts.tsv,Tumor,1,TCGA-95-8039,I,I/II,LIVING,830.0,0,72,MALE,,,
8536c3c1-1e75-4ebc-b792-30d7d228a117.rna_seq.augmented_star_gene_counts.tsv,Tumor,1,TCGA-44-7669,II,I/II,DECEASED,574.0,1,59,MALE,,,
868157f2-85e5-462c-9994-1e50791ad2c0.rna_seq.augmented_star_gene_counts.tsv,Tumor,1,TCGA-50-5068,II,I/II,DECEASED,1499.0,1,59,FEMALE,none,none,none
87bac569-d647-4a76-8e33-6ce085888138.rna_seq.augmented_star_gene_counts.tsv,Normal,2,TCGA-50-5933,III,III/IV,DECEASED,2393.0,1,72,MALE,none,none,none
882d1be3-1f82-41e7-8538-1ef513efef32.rna_seq.augmented_star_gene_counts.tsv,Tumor,1,TCGA-05-4402,IV,III/IV,DECEASED,244.0,1,57,FEMALE,none,p.TSPKANKE751del,none
883ef55a-e8c0-4774-a298-d2bfeaeeae4b.rna_seq.augmented_star_gene_counts.tsv,Tumor,3,TCGA-44-2662,I,I/II,LIVING,1280.0,0,65,MALE,none,none,none
8885b4e5-f8e7-4198-b7ce-bc5c754f504d.rna_seq.augmented_star_gene_counts.tsv,Normal,3,TCGA-50-6595,III,III/IV,DECEASED,189.0,1,74,FEMALE,none,"p.G719A, p.S768I",none
888e2a67-2478-4680-9b48-163789783c7b.rna_seq.augmented_star_gene_counts.tsv,Normal,2,TCGA-49-6743,III,III/IV,LIVING,1621.0,0,81,FEMALE,,,
8929ea12-e12a-4660-ac19-72b4e7bd2e9a.rna_seq.augmented_star_gene_counts.tsv,Tumor,2,TCGA-75-6205,I,I/II,DECEASED,,1,,FEMALE,none,none,none
894424ab-29c3-4f41-88e7-f59d0df10c28.rna_seq.augmented_star_gene_counts.tsv,Tumor,1,TCGA-05-4425,IV,III/IV,LIVING,669.0,0,70,FEMALE,none,none,none
897e33bc-3862-47bc-8277-a9b1b5371802.rna_seq.augmented_star_gene_counts.tsv,Tumor,1,TCGA-55-A48X,II,I/II,LIVING,689.0,0,63,FEMALE,,,
89bcf4e2-f855-4035-bf0d-fe4917248223.rna_seq.augmented_star_gene_counts.tsv,Tumor,1,TCGA-55-6971,I,I/II,LIVING,1400.0,0,59,FEMALE,none,none,p.G251F
8a44c8a0-142b-48bb-9809-69914811bacc.rna_seq.augmented_star_gene_counts.tsv,Tumor,1,TCGA-50-6593,III,III/IV,DECEASED,336.0,1,49,FEMALE,none,none,none
8a6d64cc-3f03-4a5d-b6ce-83fa9c7f7d07.rna_seq.augmented_star_gene_counts.tsv,Tumor,2,TCGA-55-7995,I,I/II,LIVING,889.0,0,73,FEMALE,,,
8b3aec43-4c75-4598-bf0a-168f7ffb9f3b.rna_seq.augmented_star_gene_counts.tsv,Tumor,1,TCGA-64-1680,IV,III/IV,LIVING,1126.0,0,63,MALE,none,none,none
8bd7c2cf-7960-46ca-9373-1c19557dd0aa.rna_seq.augmented_star_gene_counts.tsv,Tumor,1,TCGA-99-AA5R,I,I/II,LIVING,658.0,0,70,FEMALE,,,
8c55ee80-c8c3-4196-9b67-81732fffe9f4.rna_seq.augmented_star_gene_counts.tsv,Tumor,1,TCGA-91-6840,I,I/II,LIVING,372.0,0,59,FEMALE,none,none,none
8ce815e6-3c63-4cbf-8480-4f07867f18da.rna_seq.augmented_star_gene_counts.tsv,Tumor,1,TCGA-69-7974,III,III/IV,LIVING,184.0,0,54,FEMALE,,,
8d438e20-04cb-4b39-b3a9-96a3a35de104.rna_seq.augmented_star_gene_counts.tsv,Tumor,1,TCGA-55-8513,II,I/II,LIVING,791.0,0,77,FEMALE,,,
8da65700-04c7-444d-826e-ec2e692b257b.rna_seq.augmented_star_gene_counts.tsv,Tumor,1,TCGA-97-A4M2,I,I/II,LIVING,624.0,0,66,MALE,,,
8dc8ccd2-a842-4a48-a8db-007855733fc0.rna_seq.augmented_star_gene_counts.tsv,Tumor,1,TCGA-49-4490,III,III/IV,DECEASED,385.0,1,45,FEMALE,none,p.L858R,none
8e1fcc77-bf23-42e4-949f-d429f7211dd6.rna_seq.augmented_star_gene_counts.tsv,Tumor,1,TCGA-86-8668,I,I/II,LIVING,423.0,0,61,FEMALE,,,
8f55fdd2-25cb-40dc-809e-2ddbdadd34c3.rna_seq.augmented_star_gene_counts.tsv,Normal,2,TCGA-44-3398,I,I/II,LIVING,1163.0,0,77,FEMALE,,,
8fa3359f-1e40-448a-aae8-a955c1ca3323.rna_seq.augmented_star_gene_counts.tsv,Tumor,1,TCGA-97-8176,III,III/IV,DECEASED,468.0,1,63,MALE,,,
905e32cb-a5bd-46a4-ac0f-32585e042695.rna_seq.augmented_star_gene_counts.tsv,Tumor,3,TCGA-91-6847,I,I/II,LIVING,842.0,0,62,FEMALE,none,p.L861Q,none
91181a9c-3113-47b6-8d1c-8173f9eac675.rna_seq.augmented_star_gene_counts.tsv,Tumor,1,TCGA-55-6712,II,I/II,DECEASED,171.0,1,71,MALE,none,none,none
918be5f7-a963-406f-8ce4-0a3e528998e5.rna_seq.augmented_star_gene_counts.tsv,Tumor,1,TCGA-62-8398,III,III/IV,DECEASED,444.0,1,55,MALE,,,
91e79d93-01a8-4908-805a-12678d68a543.rna_seq.augmented_star_gene_counts.tsv,Tumor,1,TCGA-86-A456,I,I/II,LIVING,896.0,0,78,FEMALE,,,
9207fbc6-99eb-4535-8c02-c8bba5875c1b.rna_seq.augmented_star_gene_counts.tsv,Tumor,1,TCGA-75-6211,I,I/II,DECEASED,,1,,FEMALE,none,none,none
921aa14f-d674-4ecf-b4fd-ca846acc9fa3.rna_seq.augmented_star_gene_counts.tsv,Tumor,1,TCGA-55-1596,II,I/II,LIVING,2065.0,0,55,MALE,none,none,"p.S216F, p.G242W"
925a2268-1a0a-402b-8bb1-e6fa32521afe.rna_seq.augmented_star_gene_counts.tsv,Tumor,1,TCGA-86-8278,II,I/II,LIVING,944.0,0,63,FEMALE,,,
929a50ee-02a9-44f5-8078-e4020a89263f.rna_seq.augmented_star_gene_counts.tsv,Tumor,2,TCGA-55-7994,II,I/II,LIVING,603.0,0,81,MALE,,,
9301f86d-9d6f-4aa6-a640-a543b5aea5db.rna_seq.augmented_star_gene_counts.tsv,Tumor,2,TCGA-38-4625,I,I/II,LIVING,2973.0,0,66,FEMALE,,,
9343d3bd-0f60-49c3-8625-31a8a7a846c4.rna_seq.augmented_star_gene_counts.tsv,Tumor,1,TCGA-91-6835,I,I/II,LIVING,79.0,0,81,FEMALE,none,p.L858R,none
93f32fe3-cb5b-4910-bf06-e20c876cd8a5.rna_seq.augmented_star_gene_counts.tsv,Tumor,1,TCGA-78-7149,III,III/IV,LIVING,3940.0,0,71,MALE,none,none,none
9446312e-b87c-411c-b9a3-a19603eff965.rna_seq.augmented_star_gene_counts.tsv,Tumor,1,TCGA-05-5715,I,I/II,LIVING,62.0,0,69,FEMALE,none,none,none
962d56c6-0e10-4b55-9c4d-dbb89c983d74.rna_seq.augmented_star_gene_counts.tsv,Tumor,3,TCGA-78-7155,I,I/II,DECEASED,1171.0,1,68,MALE,none,"p.Q432H, p.K754I, p.G901V",none
96780e00-b519-4bec-a49b-c2cc2d19a744.rna_seq.augmented_star_gene_counts.tsv,Tumor,1,TCGA-55-6981,III,III/IV,DECEASED,1379.0,1,53,FEMALE,none,p.LREAT747del,none
96f7dff7-660b-4700-88b3-6479ad02f20c.rna_seq.augmented_star_gene_counts.tsv,Tumor,1,TCGA-55-1594,III,III/IV,LIVING,1178.0,0,68,MALE,none,none,none
978fb63c-dae9-4037-81c9-598e87341931.rna_seq.augmented_star_gene_counts.tsv,Tumor,1,TCGA-38-4627,II,I/II,DECEASED,1147.0,1,64,FEMALE,none,"p.L62R, p.L858R",none
981bfd73-1d4c-47c0-870a-b9a6300858dc.rna_seq.augmented_star_gene_counts.tsv,Tumor,2,TCGA-05-4415,III,III/IV,DECEASED,91.0,1,57,MALE,p.G12C,none,p.G227fs
98a4b8cc-fd54-454c-adcd-6fe9ae159a3b.rna_seq.augmented_star_gene_counts.tsv,Tumor,1,TCGA-55-7283,III,III/IV,LIVING,609.0,0,76,FEMALE,p.G12S,none,none
98d020b1-0467-4131-a3cc-64d288d0e9e7.rna_seq.augmented_star_gene_counts.tsv,Tumor,1,TCGA-38-7271,I,I/II,DECEASED,800.0,1,72,FEMALE,,,
98f4637a-4953-4f52-b90a-c768d005a3e7.rna_seq.augmented_star_gene_counts.tsv,Tumor,3,TCGA-97-8171,IV,III/IV,LIVING,568.0,0,81,MALE,,,
98f9eaa2-866f-4223-ad25-f93020214b4e.rna_seq.augmented_star_gene_counts.tsv,Tumor,2,TCGA-55-8205,II,I/II,LIVING,599.0,0,76,FEMALE,,,
99c5c1c4-851a-42a4-b5a2-dd9da2959343.rna_seq.augmented_star_gene_counts.tsv,Tumor,1,TCGA-75-5147,I,I/II,LIVING,1333.0,0,,FEMALE,none,none,none
9a0910ce-634b-47b6-a63c-caaf219e0b55.rna_seq.augmented_star_gene_counts.tsv,Tumor,1,TCGA-J2-8194,II,I/II,LIVING,724.0,0,69,FEMALE,,,
9a54be5e-6201-4beb-9689-289b9849756e.rna_seq.augmented_star_gene_counts.tsv,Tumor,3,TCGA-44-2668,I,I/II,DECEASED,761.0,1,51,MALE,,,
9a5e0fa6-a785-4d8e-bca5-43e02a3965bf.rna_seq.augmented_star_gene_counts.tsv,Tumor,1,TCGA-44-6147,I,I/II,LIVING,845.0,0,67,FEMALE,none,"p.S768I, p.V769L",none
9aa5eb7d-1d54-47f6-aeeb-59be4880f004.rna_seq.augmented_star_gene_counts.tsv,Tumor,1,TCGA-86-8280,II,I/II,LIVING,701.0,0,54,FEMALE,,,
9aba4243-1817-4f5f-8e9d-66da98229246.rna_seq.augmented_star_gene_counts.tsv,Tumor,3,TCGA-44-4112,I,I/II,DECEASED,808.0,1,60,FEMALE,none,none,none
9b4a912b-c42b-4a3a-8723-58b4dcb85949.rna_seq.augmented_star_gene_counts.tsv,Tumor,1,TCGA-53-7626,II,I/II,DECEASED,929.0,1,76,FEMALE,none,none,none
9ba0ff4b-4276-45ee-a543-a2e837777923.rna_seq.augmented_star_gene_counts.tsv,Tumor,3,TCGA-55-5899,,,LIVING,930.0,0,58,MALE,,,
9bfd464b-419a-43c0-929a-c1d219713a6f.rna_seq.augmented_star_gene_counts.tsv,Tumor,1,TCGA-38-4626,,,LIVING,3674.0,0,57,FEMALE,p.G12V,none,none
9c36a1ac-944e-49d4-888c-bfffc20a4ba6.rna_seq.augmented_star_gene_counts.tsv,Normal,2,TCGA-44-6147,I,I/II,LIVING,845.0,0,67,FEMALE,none,"p.S768I, p.V769L",none
9c92bdc5-8b9b-4843-82a4-2fa6ee4d40a3.rna_seq.augmented_star_gene_counts.tsv,Tumor,1,TCGA-05-4420,I,I/II,LIVING,912.0,0,41,MALE,none,none,none
9ce317be-70dc-4dd2-86b5-e6f79be6f10b.rna_seq.augmented_star_gene_counts.tsv,Tumor,2,TCGA-O1-A52J,I,I/II,DECEASED,1798.0,1,74,FEMALE,,,
9d2f9191-338e-49ea-a887-a808cdf2703f.rna_seq.augmented_star_gene_counts.tsv,Tumor,1,TCGA-78-7153,I,I/II,LIVING,3635.0,0,65,FEMALE,none,none,none
9d305ba3-6558-42ed-959c-4182de1c8ebb.rna_seq.augmented_star_gene_counts.tsv,Tumor,1,TCGA-73-7499,I,I/II,DECEASED,1531.0,1,81,FEMALE,none,none,none
9e504ab4-85a0-465d-be52-0c28ed83e5f8.rna_seq.augmented_star_gene_counts.tsv,Tumor,2,TCGA-44-5645,I,I/II,LIVING,852.0,0,61,FEMALE,none,none,none
9ebc079c-069f-4468-8b9e-680e39a3c4ad.rna_seq.augmented_star_gene_counts.tsv,Tumor,2,TCGA-38-4629,II,I/II,DECEASED,864.0,1,68,MALE,,,
9ef1e12b-70d8-482c-b75f-6c69afd6e2ff.rna_seq.augmented_star_gene_counts.tsv,Normal,2,TCGA-91-6835,I,I/II,LIVING,79.0,0,81,FEMALE,none,p.L858R,none
9f030a01-eef7-4885-8edc-316fe88860d7.rna_seq.augmented_star_gene_counts.tsv,Tumor,1,TCGA-78-7159,I,I/II,LIVING,1974.0,0,60,FEMALE,none,none,p.N259fs
9f4c2cc8-8675-43be-98bb-004c45ba5a51.rna_seq.augmented_star_gene_counts.tsv,Tumor,1,TCGA-91-7771,II,I/II,LIVING,492.0,0,62,MALE,none,none,none
9f938aa7-9fc1-4893-aee4-15ab668b9260.rna_seq.augmented_star_gene_counts.tsv,Tumor,2,TCGA-55-8207,I,I/II,LIVING,977.0,0,73,MALE,,,
9f97863a-5019-41de-a095-dd20c4d55e02.rna_seq.augmented_star_gene_counts.tsv,Tumor,2,TCGA-44-2656,I,I/II,LIVING,1429.0,0,59,MALE,none,none,none
9fde5e1d-5b86-411d-b194-3eb3c6305ebd.rna_seq.augmented_star_gene_counts.tsv,Tumor,1,TCGA-MP-A4TK,II,I/II,DECEASED,582.0,1,56,FEMALE,,,
a0c9ebdf-951b-4d8d-aa79-3ff1c82342cd.rna_seq.augmented_star_gene_counts.tsv,Tumor,1,TCGA-44-7659,I,I/II,LIVING,691.0,0,70,MALE,p.G12C,none,none
a0ead79b-f99c-46d1-a092-4cb98291bdcc.rna_seq.augmented_star_gene_counts.tsv,Tumor,1,TCGA-44-6775,I,I/II,LIVING,705.0,0,72,FEMALE,none,none,none
a126e83e-3907-487d-901a-4cfb91d5807a.rna_seq.augmented_star_gene_counts.tsv,Normal,2,TCGA-44-6777,I,I/II,DECEASED,987.0,1,85,FEMALE,p.G12C,none,none
a27393cf-e1e1-427f-9a96-40e2ab1af0d1.rna_seq.augmented_star_gene_counts.tsv,Normal,2,TCGA-91-6829,I,I/II,DECEASED,1258.0,1,78,MALE,none,none,none
a3069465-cb5b-43ef-aad9-73af4534b795.rna_seq.augmented_star_gene_counts.tsv,Normal,2,TCGA-49-4490,III,III/IV,DECEASED,385.0,1,45,FEMALE,none,p.L858R,none
a308a190-de5d-401c-a030-e089cb6d39db.rna_seq.augmented_star_gene_counts.tsv,Tumor,1,TCGA-35-3615,I,I/II,LIVING,14.0,0,57,MALE,p.G12C,none,p.L245_splice
a43440a1-25e9-4841-8cc0-b5c5ebc4a8b7.rna_seq.augmented_star_gene_counts.tsv,Normal,2,TCGA-55-6980,I,I/II,LIVING,2109.0,0,56,MALE,none,p.709_710ET>D,none
a4a57e8f-cf4f-4322-b7fe-2336a58cd50f.rna_seq.augmented_star_gene_counts.tsv,Tumor,1,TCGA-86-7701,IV,III/IV,LIVING,947.0,0,66,MALE,,,
a4f3f3fa-b161-402b-bc1a-1dddd6be8097.rna_seq.augmented_star_gene_counts.tsv,Tumor,1,TCGA-55-8512,IV,III/IV,DECEASED,607.0,1,41,MALE,,,
a585711d-48a4-45bd-bb45-f9d2a7717af0.rna_seq.augmented_star_gene_counts.tsv,Tumor,2,TCGA-55-A492,I,I/II,LIVING,596.0,0,70,FEMALE,,,
a5f6ddd7-f795-4920-b714-ed86942953e3.rna_seq.augmented_star_gene_counts.tsv,Tumor,1,TCGA-97-8175,I,I/II,LIVING,551.0,0,55,FEMALE,,,
a6a6b9c6-9db7-42b3-a09f-770b7e126fbb.rna_seq.augmented_star_gene_counts.tsv,Tumor,2,TCGA-35-5375,III,III/IV,LIVING,264.0,0,61,MALE,,,
a6a841ae-f63f-45ab-9a17-2288e12a9577.rna_seq.augmented_star_gene_counts.tsv,Tumor,1,TCGA-05-4433,I,I/II,LIVING,730.0,0,82,MALE,p.G12V,none,none
a6caa89b-29fc-46cf-8d6b-a6c0241be6d7.rna_seq.augmented_star_gene_counts.tsv,Tumor,2,TCGA-55-8301,I,I/II,LIVING,534.0,0,58,MALE,,,
a7517dae-ab9e-42eb-a512-eb0ca6f89166.rna_seq.augmented_star_gene_counts.tsv,Normal,3,TCGA-55-6981,III,III/IV,DECEASED,1379.0,1,53,FEMALE,none,p.LREAT747del,none
a787801a-cb3f-4a1f-b14c-ed8f2bfd6028.rna_seq.augmented_star_gene_counts.tsv,Tumor,2,TCGA-75-6212,II,I/II,DECEASED,1516.0,1,,FEMALE,none,p.ELR746del,none
a7c58df0-fffc-4a80-85c4-2dab24b2edc2.rna_seq.augmented_star_gene_counts.tsv,Tumor,1,TCGA-97-7552,I,I/II,LIVING,1932.0,0,70,MALE,none,none,none
a84ef848-a790-4e90-96b4-45b24c3aaaf4.rna_seq.augmented_star_gene_counts.tsv,Normal,3,TCGA-50-5939,I,I/II,DECEASED,460.0,1,85,MALE,none,none,none
a8d269f5-ebc9-4b2a-9cd9-7019204a246f.rna_seq.augmented_star_gene_counts.tsv,Tumor,1,TCGA-93-8067,I,I/II,LIVING,186.0,0,77,MALE,,,
a9a12604-5100-4e45-b7f8-7e7c0d02a139.rna_seq.augmented_star_gene_counts.tsv,Tumor,1,TCGA-78-7162,I,I/II,DECEASED,3169.0,1,75,MALE,none,none,none
aa0b2722-97db-4b5a-9a56-213f63255097.rna_seq.augmented_star_gene_counts.tsv,Tumor,1,TCGA-69-8254,,,LIVING,409.0,0,85,MALE,,,
aa2d6144-50d3-4096-9ecf-3cc0ceac7f41.rna_seq.augmented_star_gene_counts.tsv,Tumor,1,TCGA-50-5045,,,DECEASED,2174.0,1,57,FEMALE,,,
aa305f5b-4c1d-4bc7-81d5-b2b999b327af.rna_seq.augmented_star_gene_counts.tsv,Tumor,2,TCGA-97-7554,III,III/IV,LIVING,775.0,0,83,FEMALE,p.G12V,none,none
aa764c7d-2e26-4e8c-94d3-870772bad93f.rna_seq.augmented_star_gene_counts.tsv,Tumor,2,TCGA-55-A490,II,I/II,DECEASED,99.0,1,78,MALE,,,
aa85d7ef-5884-4eb4-a78b-3023d2e01a8b.rna_seq.augmented_star_gene_counts.tsv,Normal,2,TCGA-55-6968,IV,III/IV,DECEASED,1293.0,1,61,MALE,,,
aab7b2a0-4181-4556-b1a8-28d31f98a43c.rna_seq.augmented_star_gene_counts.tsv,Tumor,1,TCGA-MP-A4TE,II,I/II,DECEASED,896.0,1,56,MALE,,,
aac03db2-1e90-4c0e-9094-4df06abeb84d.rna_seq.augmented_star_gene_counts.tsv,Tumor,1,TCGA-55-8508,II,I/II,LIVING,617.0,0,60,FEMALE,,,
aae80a97-730b-4180-93de-56ddbb262419.rna_seq.augmented_star_gene_counts.tsv,Tumor,1,TCGA-05-4430,I,I/II,LIVING,761.0,0,59,FEMALE,none,none,none
ab0a7727-00ee-40fa-b5f5-a69234473e4a.rna_seq.augmented_star_gene_counts.tsv,Tumor,1,TCGA-50-5942,I,I/II,LIVING,1847.0,0,67,FEMALE,none,none,none
ab589a7b-7cc9-4257-8fd7-241d2e3658da.rna_seq.augmented_star_gene_counts.tsv,Tumor,1,TCGA-44-2657,I,I/II,LIVING,1351.0,0,74,FEMALE,none,none,none
acbeca74-24ec-4e54-98e6-d3f59475dde9.rna_seq.augmented_star_gene_counts.tsv,Tumor,2,TCGA-55-7281,I,I/II,LIVING,872.0,0,70,FEMALE,p.G12C,none,none
ad3180d3-8ae4-4446-9292-dd0c464b03c9.rna_seq.augmented_star_gene_counts.tsv,Tumor,1,TCGA-50-5066,I,I/II,LIVING,1442.0,0,72,MALE,,,
ad73d464-c21b-4d07-9f89-a322f9366f1c.rna_seq.augmented_star_gene_counts.tsv,Normal,2,TCGA-55-6978,II,I/II,DECEASED,176.0,1,81,MALE,none,none,none
aea4fa60-a890-453e-8ba6-6f4f3d5ed084.rna_seq.augmented_star_gene_counts.tsv,Tumor,1,TCGA-73-4670,IV,III/IV,LIVING,131.0,0,69,FEMALE,,,
aec36454-d9a1-4d51-90c6-561f219b6aee.rna_seq.augmented_star_gene_counts.tsv,Tumor,1,TCGA-55-8206,I,I/II,LIVING,888.0,0,56,MALE,,,
aeea81c2-afda-410d-a0bb-955e7cddda09.rna_seq.augmented_star_gene_counts.tsv,Tumor,1,TCGA-38-A44F,I,I/II,LIVING,133.0,0,80,MALE,,,
aefc9460-27d4-4d7f-8167-baa2a80935b7.rna_seq.augmented_star_gene_counts.tsv,Tumor,1,TCGA-75-7031,I,I/II,LIVING,,0,,FEMALE,none,none,p.W239C
af276b15-2dc4-4724-bbf5-1be8224b7f73.rna_seq.augmented_star_gene_counts.tsv,Tumor,1,TCGA-55-7724,I,I/II,LIVING,705.0,0,76,FEMALE,none,none,none
af407c3f-2dad-4fb9-850e-4a79b361589b.rna_seq.augmented_star_gene_counts.tsv,Tumor,3,TCGA-55-6968,IV,III/IV,DECEASED,1293.0,1,61,MALE,,,
af649713-fb41-496a-a94b-3691d202c1c8.rna_seq.augmented_star_gene_counts.tsv,Tumor,3,TCGA-44-2665,II,I/II,LIVING,1301.0,0,55,FEMALE,none,none,none
afccc865-1d58-475d-b85c-0d7eca330b0e.rna_seq.augmented_star_gene_counts.tsv,Tumor,2,TCGA-86-7714,III,III/IV,DECEASED,625.0,1,61,FEMALE,none,none,none
b0747254-d7fd-4ec9-96b1-d132540c4b46.rna_seq.augmented_star_gene_counts.tsv,Tumor,2,TCGA-55-8514,I,I/II,LIVING,520.0,0,70,FEMALE,,,
b1d9364c-d703-4884-b96d-20d8084040a8.rna_seq.augmented_star_gene_counts.tsv,Tumor,2,TCGA-64-1678,,,LIVING,1189.0,0,70,FEMALE,none,none,none
b277d25a-5485-465a-bef3-db30dc75caa8.rna_seq.augmented_star_gene_counts.tsv,Normal,2,TCGA-49-6744,II,I/II,LIVING,1683.0,0,64,FEMALE,none,none,none
b307f8c5-d21f-42ae-9771-07126d58999e.rna_seq.augmented_star_gene_counts.tsv,Tumor,1,TCGA-44-2656,I,I/II,LIVING,1429.0,0,59,MALE,none,none,none
b3c9ca27-6b77-4abd-92d5-45d48d34ba42.rna_seq.augmented_star_gene_counts.tsv,Normal,2,TCGA-91-6828,I,I/II,LIVING,323.0,0,70,MALE,p.G12V,none,none
b3f38fc5-d1e6-4fd9-bd36-b413a3ac850e.rna_seq.augmented_star_gene_counts.tsv,Tumor,1,TCGA-05-4422,I,I/II,LIVING,365.0,0,68,MALE,none,none,p.G251V
b4a1a796-8bce-4b44-b4ed-fd7bf4c81b3b.rna_seq.augmented_star_gene_counts.tsv,Tumor,1,TCGA-93-A4JP,IV,III/IV,LIVING,578.0,0,64,MALE,,,
b4dff9fc-6dab-42bc-8d32-7143e0d94043.rna_seq.augmented_star_gene_counts.tsv,Normal,2,TCGA-44-6148,I,I/II,LIVING,704.0,0,60,MALE,,,
b556d35a-4855-4e56-9e02-5fc939722169.rna_seq.augmented_star_gene_counts.tsv,Tumor,1,TCGA-44-2656,I,I/II,LIVING,1429.0,0,59,MALE,none,none,none
b573a788-d117-48b0-9cab-c4ecbde82706.rna_seq.augmented_star_gene_counts.tsv,Tumor,1,TCGA-55-6983,II,I/II,LIVING,2823.0,0,81,MALE,p.G12C,none,p.R75fs
b57cc3e6-9017-48b7-9de9-74fe57d9bf6d.rna_seq.augmented_star_gene_counts.tsv,Tumor,1,TCGA-55-6987,I,I/II,LIVING,2137.0,0,77,MALE,,,
b5909b96-7ef6-497a-802e-11805dc7ded7.rna_seq.augmented_star_gene_counts.tsv,Tumor,3,TCGA-64-5775,III,III/IV,DECEASED,62.0,1,71,MALE,p.Q61L,none,none
b5cadc0c-3088-4f81-9561-902c8ca44c2d.rna_seq.augmented_star_gene_counts.tsv,Tumor,1,TCGA-J2-A4AE,I,I/II,LIVING,1079.0,0,77,FEMALE,,,
b603c2a6-4366-415a-871e-5949a2a8a4b6.rna_seq.augmented_star_gene_counts.tsv,Tumor,1,TCGA-55-8621,I,I/II,LIVING,515.0,0,75,FEMALE,,,
b6ddcda9-dad4-4e70-b12a-db197a496713.rna_seq.augmented_star_gene_counts.tsv,Tumor,1,TCGA-75-7025,I,I/II,LIVING,3305.0,0,,MALE,none,p.ELREA746del,none
b6e9752c-ad52-457d-a37c-78ffb7ddc520.rna_seq.augmented_star_gene_counts.tsv,Tumor,2,TCGA-78-7537,I,I/II,DECEASED,1622.0,1,72,MALE,none,none,p.K175fs
b70dcd97-e1e4-417c-a05f-b37acdde6684.rna_seq.augmented_star_gene_counts.tsv,Tumor,3,TCGA-95-8494,II,I/II,LIVING,84.0,0,67,MALE,,,
b71b334c-768e-46f6-bc7e-c95a11f44f03.rna_seq.augmented_star_gene_counts.tsv,Tumor,2,TCGA-55-7903,I,I/II,LIVING,567.0,0,64,MALE,none,none,none
b7837fd0-426f-49dd-9de0-4e648b78f896.rna_seq.augmented_star_gene_counts.tsv,Normal,3,TCGA-50-5931,I,I/II,DECEASED,434.0,1,75,FEMALE,none,none,none
b7f29b8c-08a8-4781-ba33-5a7b6b02ad23.rna_seq.augmented_star_gene_counts.tsv,Tumor,2,TCGA-NJ-A4YQ,I,I/II,LIVING,1432.0,0,69,FEMALE,,,
b7f9da49-2a09-4f32-af6c-980ccf75250b.rna_seq.augmented_star_gene_counts.tsv,Tumor,1,TCGA-93-7348,I,I/II,LIVING,531.0,0,75,FEMALE,none,none,none
b8ae4b22-83b8-4cbf-9d3c-49092b7e0903.rna_seq.augmented_star_gene_counts.tsv,Tumor,1,TCGA-86-8054,II,I/II,LIVING,1148.0,0,61,MALE,,,
b8e8f06f-a5a9-4d16-b39f-585dcee31087.rna_seq.augmented_star_gene_counts.tsv,Tumor,1,TCGA-44-2655,I,I/II,LIVING,1324.0,0,65,FEMALE,none,none,none
b95a1889-2ef5-4da3-b5e9-14b678c4d71a.rna_seq.augmented_star_gene_counts.tsv,Tumor,1,TCGA-50-5936,III,III/IV,DECEASED,257.0,1,58,MALE,none,none,none
b99ff949-1922-4948-8d02-2ef2aa3dfb3b.rna_seq.augmented_star_gene_counts.tsv,Tumor,1,TCGA-50-7109,I,I/II,DECEASED,308.0,1,60,MALE,none,none,p.D194Y
bae79640-8273-42a2-913e-3d29e00ccc4f.rna_seq.augmented_star_gene_counts.tsv,Tumor,1,TCGA-49-4488,I,I/II,DECEASED,869.0,1,74,FEMALE,none,none,none
bbb551fa-5173-4987-8de4-d596bf56897a.rna_seq.augmented_star_gene_counts.tsv,Normal,3,TCGA-50-5930,III,III/IV,DECEASED,282.0,1,47,MALE,,,
bc037eb7-5afa-4730-b896-23bf21a31641.rna_seq.augmented_star_gene_counts.tsv,Tumor,3,TCGA-38-4630,I,I/II,DECEASED,1073.0,1,75,FEMALE,,,
bc46dd0e-3136-4d9b-8fc3-dee56d6e39cf.rna_seq.augmented_star_gene_counts.tsv,Normal,2,TCGA-38-4625,I,I/II,LIVING,2973.0,0,66,FEMALE,,,
bc8b6dee-0f79-492f-85e1-c1a09d6f9680.rna_seq.augmented_star_gene_counts.tsv,Tumor,1,TCGA-78-8655,I,I/II,LIVING,2360.0,0,77,FEMALE,,,
bcb20e91-2931-4694-8268-686aee414fe7.rna_seq.augmented_star_gene_counts.tsv,Tumor,1,TCGA-75-5125,II,I/II,DECEASED,2027.0,1,,MALE,,,
bcc5593d-3d16-4d6f-a1b9-854423ede69e.rna_seq.augmented_star_gene_counts.tsv,Normal,2,TCGA-49-6742,II,I/II,DECEASED,488.0,1,70,MALE,none,none,none
bd1e3dcd-31c4-4f7f-8e99-9ad0d1050294.rna_seq.augmented_star_gene_counts.tsv,Tumor,1,TCGA-78-7167,IV,III/IV,DECEASED,2681.0,1,77,MALE,p.G12F,none,p.R331fs
bd84bab3-4614-4806-bfd1-dab3fca9d6fa.rna_seq.augmented_star_gene_counts.tsv,Tumor,1,TCGA-86-8585,I,I/II,LIVING,353.0,0,57,MALE,,,
be000bb2-fe39-4153-b000-df89033d412a.rna_seq.augmented_star_gene_counts.tsv,Normal,2,TCGA-38-4627,II,I/II,DECEASED,1147.0,1,64,FEMALE,none,"p.L62R, p.L858R",none
be547f27-5157-4947-ad2a-c9d006dedabd.rna_seq.augmented_star_gene_counts.tsv,Tumor,1,TCGA-44-7670,II,I/II,LIVING,882.0,0,47,FEMALE,none,none,none
bfab8eeb-df99-4e79-a6f3-50915c18fc6c.rna_seq.augmented_star_gene_counts.tsv,Normal,3,TCGA-44-6144,I,I/II,LIVING,723.0,0,58,MALE,,,
c16f63fb-a468-48e8-b679-6e26b8457530.rna_seq.augmented_star_gene_counts.tsv,Tumor,1,TCGA-97-7938,I,I/II,DECEASED,18.0,1,76,FEMALE,p.G12C,none,none
c18d9cb5-17ca-4c49-bd72-4b4c6184fba3.rna_seq.augmented_star_gene_counts.tsv,Tumor,1,TCGA-62-A472,II,I/II,LIVING,910.0,0,70,MALE,,,
c208cf0f-3922-4159-a7dd-76dccf9ff396.rna_seq.augmented_star_gene_counts.tsv,Tumor,1,TCGA-67-6216,I,I/II,LIVING,141.0,0,57,FEMALE,none,none,none
c29e5bb3-860d-4f1f-b27d-ae5b9d8c4208.rna_seq.augmented_star_gene_counts.tsv,Tumor,2,TCGA-44-5643,III,III/IV,LIVING,1013.0,0,53,MALE,,,
c2c5b3f8-abe2-4112-9ddd-70056f268137.rna_seq.augmented_star_gene_counts.tsv,Tumor,1,TCGA-62-8399,III,III/IV,LIVING,2696.0,0,62,MALE,,,
c36d8349-6af1-4583-818d-cd3742ea97a7.rna_seq.augmented_star_gene_counts.tsv,Tumor,2,TCGA-50-5946,I,I/II,LIVING,1617.0,0,62,MALE,,,
c4115468-0566-49e2-a86f-9c7faf6388f5.rna_seq.augmented_star_gene_counts.tsv,Tumor,2,TCGA-86-7955,I,I/II,LIVING,1072.0,0,62,MALE,,,
c41a2347-8277-494e-90c6-f1918223388b.rna_seq.augmented_star_gene_counts.tsv,Tumor,1,TCGA-86-6562,II,I/II,DECEASED,376.0,1,52,MALE,none,none,none
c45c7b03-a317-4dac-ba0f-19989348cae3.rna_seq.augmented_star_gene_counts.tsv,Tumor,1,TCGA-55-8208,I,I/II,LIVING,674.0,0,73,FEMALE,,,
c55c7a04-580b-43e3-b138-f83bd3003875.rna_seq.augmented_star_gene_counts.tsv,Tumor,1,TCGA-97-7553,I,I/II,LIVING,1870.0,0,58,FEMALE,none,none,none
c63de407-f025-4939-9633-6550724be88c.rna_seq.augmented_star_gene_counts.tsv,Tumor,3,TCGA-44-6779,II,I/II,DECEASED,500.0,1,50,FEMALE,none,none,p.K235*
c649e0cf-b787-4d0c-bab6-d81f7e491b15.rna_seq.augmented_star_gene_counts.tsv,Tumor,2,TCGA-75-5122,I,I/II,DECEASED,,1,,MALE,none,none,none
c6acc762-3909-4cc0-91c7-f66bc3f0e667.rna_seq.augmented_star_gene_counts.tsv,Tumor,2,TCGA-49-4507,III,III/IV,DECEASED,268.0,1,73,FEMALE,none,none,p.D176A
c6b74844-5140-4c2e-b13d-fc50c2f2e9f1.rna_seq.augmented_star_gene_counts.tsv,Tumor,1,TCGA-NJ-A4YG,I,I/II,LIVING,2261.0,0,65,MALE,,,
c6bc9e5e-4116-4179-9a22-b75fc6bea73e.rna_seq.augmented_star_gene_counts.tsv,Normal,3,TCGA-49-6745,III,III/IV,LIVING,522.0,0,82,MALE,none,none,none
c6bf25d8-abea-411f-bb80-6e6fefb82757.rna_seq.augmented_star_gene_counts.tsv,Tumor,1,TCGA-55-8615,III,III/IV,LIVING,446.0,0,67,MALE,,,
c6dd2eb6-2297-4dc0-8cae-c7a6b733a1c2.rna_seq.augmented_star_gene_counts.tsv,Tumor,2,TCGA-50-5066,I,I/II,LIVING,1442.0,0,72,MALE,,,
c6fcbf56-bc49-43eb-981a-ef032465a7ce.rna_seq.augmented_star_gene_counts.tsv,Tumor,1,TCGA-86-8359,III,III/IV,DECEASED,444.0,1,52,MALE,,,
c7fd0bf8-753e-45d6-b987-51ec7559f728.rna_seq.augmented_star_gene_counts.tsv,Normal,2,TCGA-44-2668,I,I/II,DECEASED,761.0,1,51,MALE,,,
c812eb06-bd41-4919-8f6d-9ade00654a4c.rna_seq.augmented_star_gene_counts.tsv,Tumor,2,TCGA-86-A4D0,II,I/II,DECEASED,116.0,1,48,MALE,,,
c8bfb715-4c7a-4e3e-baa2-bc842d80654b.rna_seq.augmented_star_gene_counts.tsv,Tumor,1,TCGA-97-8552,I,I/II,LIVING,626.0,0,55,FEMALE,,,
c8e5ea6c-c6b1-4807-8d9f-b2e96154a1eb.rna_seq.augmented_star_gene_counts.tsv,Tumor,1,TCGA-69-7763,I,I/II,LIVING,690.0,0,69,MALE,none,none,p.Y60fs
c9494f0c-d6df-4dc9-a174-dfd53f121ee8.rna_seq.augmented_star_gene_counts.tsv,Tumor,2,TCGA-73-4675,III,III/IV,DECEASED,922.0,1,59,MALE,none,none,none
c9d8385a-9f73-48f9-bca4-1c0647881bfd.rna_seq.augmented_star_gene_counts.tsv,Tumor,2,TCGA-50-5931,I,I/II,DECEASED,434.0,1,75,FEMALE,none,none,none
ca927d21-e459-469e-9655-c214b34447f7.rna_seq.augmented_star_gene_counts.tsv,Tumor,1,TCGA-67-3774,I,I/II,LIVING,385.0,0,73,FEMALE,p.G12F,none,none
cb3c7090-d221-4c88-896f-6199118ae5d2.rna_seq.augmented_star_gene_counts.tsv,Normal,3,TCGA-44-6776,I,I/II,LIVING,2616.0,0,60,FEMALE,p.G12D,none,p.Q220*
cbdf1edd-a8c9-4fc8-88ee-928f01abae34.rna_seq.augmented_star_gene_counts.tsv,Tumor,1,TCGA-55-8299,I,I/II,DECEASED,469.0,1,61,FEMALE,,,
cbf298e2-94bb-48c9-ae07-408081055497.rna_seq.augmented_star_gene_counts.tsv,Tumor,1,TCGA-50-5051,III,III/IV,DECEASED,478.0,1,42,FEMALE,p.G12C,none,none
cbfa6fea-3a77-4d0f-ab15-12307d08055a.rna_seq.augmented_star_gene_counts.tsv,Tumor,1,TCGA-75-7027,I,I/II,LIVING,3059.0,0,,MALE,p.G12V,none,none
cc1646da-11b3-40c7-b35e-1206f4517b36.rna_seq.augmented_star_gene_counts.tsv,Tumor,2,TCGA-44-2666,I,I/II,DECEASED,97.0,1,43,MALE,none,none,none
cd271741-c470-4f57-9873-635fef14f902.rna_seq.augmented_star_gene_counts.tsv,Tumor,2,TCGA-64-1676,I,I/II,LIVING,1728.0,0,58,MALE,none,none,none
ce68bb71-4052-499c-bf2e-81d9c0dafc9b.rna_seq.augmented_star_gene_counts.tsv,Tumor,2,TCGA-05-4397,II,I/II,DECEASED,731.0,1,65,MALE,,,
ce9e3b71-b907-4c30-bbc9-fd929a6df15b.rna_seq.augmented_star_gene_counts.tsv,Normal,2,TCGA-55-6975,II,I/II,DECEASED,118.0,1,61,MALE,,,
d03bc7a9-49d4-48f4-8a3a-00197325cde2.rna_seq.augmented_star_gene_counts.tsv,Normal,1,TCGA-44-3396,III,III/IV,LIVING,1130.0,0,74,FEMALE,none,none,none
d067f93b-7182-4a34-ba8e-be73589b7420.rna_seq.augmented_star_gene_counts.tsv,Tumor,3,TCGA-95-7043,I,I/II,DECEASED,503.0,1,63,FEMALE,none,none,none
d0966b4b-6c70-41f6-a220-4bf8be955366.rna_seq.augmented_star_gene_counts.tsv,Tumor,1,TCGA-86-7954,I,I/II,LIVING,605.0,0,68,FEMALE,,,
d0f1d923-1014-4a12-824b-9939fd75f9b1.rna_seq.augmented_star_gene_counts.tsv,Tumor,3,TCGA-49-6767,II,I/II,LIVING,677.0,0,46,FEMALE,none,none,none
d1b10396-1656-4963-8fd0-7d7368c24dd2.rna_seq.augmented_star_gene_counts.tsv,Tumor,1,TCGA-73-7498,I,I/II,LIVING,1189.0,0,58,FEMALE,p.G12C,none,p.M51fs
d1eba37d-0b00-47f4-a7c8-d2e80ec3e27b.rna_seq.augmented_star_gene_counts.tsv,Tumor,2,TCGA-97-7937,I,I/II,LIVING,564.0,0,65,MALE,none,none,none
d20f5121-5e33-4b35-8cdf-df2eb51a099d.rna_seq.augmented_star_gene_counts.tsv,Tumor,1,TCGA-05-4424,II,I/II,LIVING,913.0,0,70,MALE,none,none,none
d21d91e9-6e19-4c5f-aa2e-cdd41d98e542.rna_seq.augmented_star_gene_counts.tsv,Tumor,2,TCGA-91-6829,I,I/II,DECEASED,1258.0,1,78,MALE,none,none,none
d2bf5f92-08f4-492e-96c2-399262f96828.rna_seq.augmented_star_gene_counts.tsv,Tumor,2,TCGA-05-4427,II,I/II,LIVING,791.0,0,65,FEMALE,,,
d34f0d3c-a058-4569-a8c8-380ada182e76.rna_seq.augmented_star_gene_counts.tsv,Tumor,2,TCGA-55-6978,II,I/II,DECEASED,176.0,1,81,MALE,none,none,none
d38959c4-8069-4963-8eca-0c66699df9a7.rna_seq.augmented_star_gene_counts.tsv,Tumor,1,TCGA-97-8174,II,I/II,DECEASED,164.0,1,67,MALE,,,
d3c4d6a0-ae8f-416d-93b5-2f7143f0f857.rna_seq.augmented_star_gene_counts.tsv,Normal,3,TCGA-49-6761,III,III/IV,LIVING,354.0,0,68,FEMALE,p.G12D,none,none
d3c861af-cfe9-4d9f-bc76-a8a45b72df43.rna_seq.augmented_star_gene_counts.tsv,Tumor,1,TCGA-05-4410,I,I/II,LIVING,0.0,0,62,MALE,none,p.R377S,none
d3ebb2ea-10db-4c29-8e7c-7c13b23b5b15.rna_seq.augmented_star_gene_counts.tsv,Tumor,2,TCGA-62-A46O,I,I/II,DECEASED,1454.0,1,65,FEMALE,,,
d4422306-b68c-4687-9131-02a60a2d4c42.rna_seq.augmented_star_gene_counts.tsv,Tumor,1,TCGA-73-4659,III,III/IV,DECEASED,711.0,1,66,MALE,p.G12V,none,none
d4db8bd3-6f2f-4c34-a4a7-1e23342e62b5.rna_seq.augmented_star_gene_counts.tsv,Tumor,2,TCGA-62-A46R,I,I/II,DECEASED,1725.0,1,54,FEMALE,,,
d53203c7-5070-455b-aec3-ce01f32186de.rna_seq.augmented_star_gene_counts.tsv,Tumor,1,TCGA-67-3771,I,I/II,LIVING,610.0,0,77,FEMALE,none,none,none
d5388d2a-976f-4f08-80c2-14bbf4ccc753.rna_seq.augmented_star_gene_counts.tsv,Tumor,2,TCGA-80-5611,I,I/II,LIVING,2595.0,0,,MALE,,,
d6662ab3-af1a-4e7e-a907-111e4241713b.rna_seq.augmented_star_gene_counts.tsv,Tumor,2,TCGA-55-8092,II,I/II,DECEASED,154.0,1,75,MALE,,,
d6e945f2-4a94-48ab-9ba0-d4f0ee2fb262.rna_seq.augmented_star_gene_counts.tsv,Tumor,2,TCGA-44-5645,I,I/II,LIVING,852.0,0,61,FEMALE,none,none,none
d7339ba2-0cc2-40b7-9dbe-f8f3366b20d9.rna_seq.augmented_star_gene_counts.tsv,Tumor,1,TCGA-MP-A4SV,I,I/II,DECEASED,2620.0,1,67,MALE,,,
d737cd97-619a-4fc3-9ae2-87e1f4b19beb.rna_seq.augmented_star_gene_counts.tsv,Tumor,1,TCGA-44-A479,I,I/II,LIVING,486.0,0,73,FEMALE,,,
d7c787e0-6416-4724-8954-85467906f90d.rna_seq.augmented_star_gene_counts.tsv,Tumor,2,TCGA-55-6642,I,I/II,LIVING,2449.0,0,63,MALE,p.G12V,none,none
d832db0a-348f-4e28-953a-741192fe0826.rna_seq.augmented_star_gene_counts.tsv,Tumor,2,TCGA-44-6146,II,I/II,LIVING,728.0,0,64,MALE,p.G12V,none,none
d94a4acc-1345-4cdb-b1e0-0b9c1afc593c.rna_seq.augmented_star_gene_counts.tsv,Tumor,1,TCGA-50-8460,I,I/II,LIVING,829.0,0,74,MALE,,,
da046621-2982-42dc-b54d-6c875ecb5368.rna_seq.augmented_star_gene_counts.tsv,Tumor,1,TCGA-55-A48Z,III,III/IV,LIVING,651.0,0,60,FEMALE,,,
da145aec-4391-4fce-b5d0-bf91065b765e.rna_seq.augmented_star_gene_counts.tsv,Tumor,2,TCGA-78-8640,II,I/II,LIVING,7062.0,0,59,MALE,,,
da3718fb-d874-4469-a3fe-6ba6fa89676b.rna_seq.augmented_star_gene_counts.tsv,Tumor,1,TCGA-95-7947,I,I/II,LIVING,477.0,0,67,MALE,none,"p.I91V, p.R1052I",none
da52147d-9bd6-449c-b5d9-b168822ddac0.rna_seq.augmented_star_gene_counts.tsv,Tumor,1,TCGA-L9-A443,I,I/II,DECEASED,193.0,1,63,FEMALE,,,
dad295e6-b4f8-4ad1-8439-acc3f903cfb0.rna_seq.augmented_star_gene_counts.tsv,Tumor,1,TCGA-53-7813,III,III/IV,LIVING,424.0,0,51,FEMALE,p.G12A,none,p.Y60fs
db3c11b8-53c7-48f8-a16c-b86c1c7534b0.rna_seq.augmented_star_gene_counts.tsv,Tumor,1,TCGA-78-7145,IV,III/IV,DECEASED,826.0,1,52,FEMALE,p.G12Y,none,none
db66be89-fb7c-41c3-9a0b-9beae75b7850.rna_seq.augmented_star_gene_counts.tsv,Tumor,1,TCGA-44-8120,I,I/II,LIVING,260.0,0,58,MALE,,,
dc3ac0d3-d862-4761-ac12-60bb4d6758c1.rna_seq.augmented_star_gene_counts.tsv,Tumor,1,TCGA-55-6985,I,I/II,LIVING,1233.0,0,58,FEMALE,none,none,none
dd012e44-f2ef-4bd4-92ac-7403ec383b6d.rna_seq.augmented_star_gene_counts.tsv,Normal,2,TCGA-44-2661,I,I/II,LIVING,1159.0,0,69,FEMALE,none,p.ELREA746del,none
dd20e202-a63c-4281-85c7-f16096212a91.rna_seq.augmented_star_gene_counts.tsv,Tumor,2,TCGA-44-7662,I,I/II,LIVING,218.0,0,61,MALE,none,none,none
dd6e2735-7d83-4bc4-87b3-05a5d7f08caa.rna_seq.augmented_star_gene_counts.tsv,Tumor,1,TCGA-71-8520,I,I/II,DECEASED,210.0,1,60,FEMALE,,,
de6f3bfe-6e91-4894-a826-67ebf147a6f0.rna_seq.augmented_star_gene_counts.tsv,Normal,2,TCGA-91-6849,III,III/IV,LIVING,35.0,0,75,FEMALE,p.G12C,none,p.G288_splice
df2ac75d-208d-4cc1-867b-aea3e36117c6.rna_seq.augmented_star_gene_counts.tsv,Tumor,1,TCGA-44-6145,I,I/II,LIVING,595.0,0,62,FEMALE,p.G12V,none,none
df3e51ff-63ad-45c2-ba71-676c5eb6b9e0.rna_seq.augmented_star_gene_counts.tsv,Tumor,1,TCGA-MN-A4N5,I,I/II,LIVING,84.0,0,63,MALE,,,
e0819bee-5642-4297-b6bb-70e41d54ee8c.rna_seq.augmented_star_gene_counts.tsv,Tumor,1,TCGA-MP-A4TC,III,III/IV,DECEASED,74.0,1,77,MALE,,,
e0dabde8-1dd8-4aa6-9f23-51dc22fc2cae.rna_seq.augmented_star_gene_counts.tsv,Tumor,1,TCGA-99-8033,IV,III/IV,DECEASED,656.0,1,74,FEMALE,,,
e0e055b6-6800-40e7-bde5-718823408f0c.rna_seq.augmented_star_gene_counts.tsv,Tumor,2,TCGA-05-4244,IV,III/IV,LIVING,0.0,0,70,MALE,,,
e0e9a0df-7052-4d42-b3fd-10ee23ceae62.rna_seq.augmented_star_gene_counts.tsv,Tumor,2,TCGA-86-A4P8,III,III/IV,LIVING,805.0,0,59,FEMALE,,,
e121b871-b177-47ef-a4f1-de73cb338519.rna_seq.augmented_star_gene_counts.tsv,Tumor,1,TCGA-69-7765,,,LIVING,165.0,0,56,MALE,none,p.Q486*,none
e127acf3-0757-4f24-aff7-0fbe7283b9ed.rna_seq.augmented_star_gene_counts.tsv,Tumor,1,TCGA-49-6743,III,III/IV,LIVING,1621.0,0,81,FEMALE,,,
e1b67311-dee7-4296-ac38-1ad47a80c257.rna_seq.augmented_star_gene_counts.tsv,Tumor,2,TCGA-L9-A8F4,I,I/II,LIVING,476.0,0,64,FEMALE,,,
e25887be-64fe-4e7c-983b-4fbdec52c4b7.rna_seq.augmented_star_gene_counts.tsv,Tumor,1,TCGA-69-7979,I,I/II,LIVING,408.0,0,71,FEMALE,,,
e270dd9d-4a6b-40b3-823f-a46dd9493585.rna_seq.augmented_star_gene_counts.tsv,Tumor,1,TCGA-55-7574,I,I/II,DECEASED,995.0,1,64,FEMALE,none,none,p.K97_splice
e2f47d3a-0e1a-47cb-a53f-697e2a3cb89b.rna_seq.augmented_star_gene_counts.tsv,Tumor,1,TCGA-49-4494,III,III/IV,DECEASED,1081.0,1,77,MALE,none,"p.T790M, p.L858R",none
e38af20a-f4f2-40dc-82c0-69782f9192d7.rna_seq.augmented_star_gene_counts.tsv,Tumor,1,TCGA-73-4677,,,DECEASED,38.0,1,74,MALE,,,
e3955555-9663-49da-bb98-f6593eb74d7f.rna_seq.augmented_star_gene_counts.tsv,Normal,3,TCGA-91-6847,I,I/II,LIVING,842.0,0,62,FEMALE,none,p.L861Q,none
e40ae18a-9f57-4069-b99f-260c93b52e9f.rna_seq.augmented_star_gene_counts.tsv,Tumor,2,TCGA-69-8255,I,I/II,LIVING,129.0,0,71,MALE,,,
e48cabb8-73cd-4d42-81b0-f9ab7bebecc1.rna_seq.augmented_star_gene_counts.tsv,Tumor,1,TCGA-55-8085,I,I/II,LIVING,904.0,0,64,MALE,,,
e4fe566f-bf64-408e-a422-fef7b855391f.rna_seq.augmented_star_gene_counts.tsv,Tumor,1,TCGA-L4-A4E6,I,I/II,LIVING,435.0,0,67,MALE,,,
e5ff9d44-3193-4baa-bf04-c86563d3c9a9.rna_seq.augmented_star_gene_counts.tsv,Tumor,1,TCGA-55-8619,II,I/II,LIVING,416.0,0,72,FEMALE,,,
e62d96e9-3e79-4eef-9e5e-568a48dd737b.rna_seq.augmented_star_gene_counts.tsv,Tumor,1,TCGA-05-4434,IV,III/IV,DECEASED,457.0,1,67,FEMALE,,,
e6992421-f34c-4a68-a218-d53f56d0f562.rna_seq.augmented_star_gene_counts.tsv,Tumor,1,TCGA-75-7030,II,I/II,LIVING,,0,,MALE,p.G12D,none,none
e789fc5c-1218-4f07-ba95-b54d8fb93e7b.rna_seq.augmented_star_gene_counts.tsv,Tumor,1,TCGA-50-5044,III,III/IV,DECEASED,624.0,1,72,FEMALE,none,none,none
e860f314-beb1-4dfd-adb8-e188f13ca1c8.rna_seq.augmented_star_gene_counts.tsv,Tumor,1,TCGA-05-4418,III,III/IV,DECEASED,274.0,1,69,MALE,p.G12C,none,none
e89ecf81-4892-48c8-be13-926f92d5ec97.rna_seq.augmented_star_gene_counts.tsv,Tumor,2,TCGA-44-5644,I,I/II,LIVING,863.0,0,51,FEMALE,,,
e8ea2e59-65dc-49c9-b6f3-b9335185390d.rna_seq.augmented_star_gene_counts.tsv,Tumor,2,TCGA-91-A4BC,II,I/II,LIVING,44.0,0,59,MALE,,,
e9efd91b-8824-456b-b650-1d0287efbbe8.rna_seq.augmented_star_gene_counts.tsv,Tumor,2,TCGA-95-7039,II,I/II,LIVING,1272.0,0,54,FEMALE,p.D33E,p.S921R,none
e9f19ff2-29c5-4578-9c23-9d58c192ff59.rna_seq.augmented_star_gene_counts.tsv,Tumor,2,TCGA-35-4123,I,I/II,LIVING,182.0,0,38,MALE,,,
eaaacefc-a798-4b6e-8471-0fde96a80bb9.rna_seq.augmented_star_gene_counts.tsv,Tumor,2,TCGA-69-7761,I,I/II,LIVING,186.0,0,84,MALE,none,none,none
ebc79b86-12cb-4a5b-b0e4-4d1017ef22f4.rna_seq.augmented_star_gene_counts.tsv,Tumor,1,TCGA-62-A470,I,I/II,DECEASED,1194.0,1,84,MALE,,,
ebf8d429-0437-4987-9bca-89e62910f168.rna_seq.augmented_star_gene_counts.tsv,Tumor,2,TCGA-78-7158,III,III/IV,DECEASED,179.0,1,59,FEMALE,none,p.L907M,none
ec3a68ca-1006-4f2f-95b5-74d506ceda86.rna_seq.augmented_star_gene_counts.tsv,Tumor,1,TCGA-78-7148,II,I/II,DECEASED,626.0,1,71,MALE,p.G12C,none,p.E265fs
ec99ae0d-704e-481d-bc90-7b553075a845.rna_seq.augmented_star_gene_counts.tsv,Tumor,3,TCGA-53-7624,IV,III/IV,DECEASED,1043.0,1,40,FEMALE,,,
ecef82f6-3009-4345-a56d-d028535d78fd.rna_seq.augmented_star_gene_counts.tsv,Tumor,3,TCGA-53-A4EZ,II,I/II,LIVING,1071.0,0,63,MALE,,,
ed0926c8-6642-4741-9de6-e04014ba0364.rna_seq.augmented_star_gene_counts.tsv,Tumor,2,TCGA-55-A491,I,I/II,LIVING,626.0,0,81,FEMALE,,,
ed30ab10-5d65-4aeb-ba72-ec3e9b768cd3.rna_seq.augmented_star_gene_counts.tsv,Tumor,1,TCGA-64-1677,III,III/IV,DECEASED,628.0,1,77,FEMALE,none,none,none
ed4e21ee-1471-479e-af75-72c91986787a.rna_seq.augmented_star_gene_counts.tsv,Tumor,1,TCGA-75-5146,I,I/II,LIVING,2368.0,0,,MALE,none,none,p.W239C
eda17fff-892d-440a-af83-b353ea60c478.rna_seq.augmented_star_gene_counts.tsv,Tumor,1,TCGA-86-8669,I,I/II,LIVING,938.0,0,64,MALE,,,
ee030015-242a-4dd1-b43c-2c97d5d365d9.rna_seq.augmented_star_gene_counts.tsv,Tumor,1,TCGA-44-6147,I,I/II,LIVING,845.0,0,67,FEMALE,none,"p.S768I, p.V769L",none
ee14c1ac-fa18-4be1-b836-a1274abafe28.rna_seq.augmented_star_gene_counts.tsv,Tumor,1,TCGA-75-6207,III,III/IV,DECEASED,,1,,MALE,none,p.ELREA746del,none
eecb4e6b-6916-4673-815b-9a5366fe3a86.rna_seq.augmented_star_gene_counts.tsv,Tumor,1,TCGA-49-4487,I,I/II,DECEASED,855.0,1,72,FEMALE,none,none,p.E70*
ef11ddff-02bb-44e2-ab77-fadde20acd87.rna_seq.augmented_star_gene_counts.tsv,Tumor,1,TCGA-55-7227,III,III/IV,DECEASED,952.0,1,77,MALE,,,
ef19e097-8ae9-4362-b77a-76d8f5399760.rna_seq.augmented_star_gene_counts.tsv,Tumor,1,TCGA-62-A46P,I,I/II,DECEASED,594.0,1,65,MALE,,,
ef304a3b-e32b-450e-8c40-4173aa0a0366.rna_seq.augmented_star_gene_counts.tsv,Tumor,2,TCGA-05-5428,II,I/II,LIVING,670.0,0,57,MALE,none,none,none
efd3731a-0788-41e9-a985-0c3d400d7db3.rna_seq.augmented_star_gene_counts.tsv,Tumor,1,TCGA-86-8055,II,I/II,DECEASED,124.0,1,79,MALE,,,
f01d4b93-8aeb-4b87-a063-59d7b6057fba.rna_seq.augmented_star_gene_counts.tsv,Tumor,1,TCGA-62-8394,III,III/IV,DECEASED,139.0,1,65,FEMALE,,,
f0395da6-5f12-4a35-8aa6-0b1b47a2acba.rna_seq.augmented_star_gene_counts.tsv,Tumor,1,TCGA-05-4250,III,III/IV,DECEASED,121.0,1,79,FEMALE,,,
f05d253b-7b64-4ecc-8249-55392326a91d.rna_seq.augmented_star_gene_counts.tsv,Tumor,2,TCGA-55-6975,II,I/II,DECEASED,118.0,1,61,MALE,,,
f07f72e3-8bd8-4a16-91b4-e4444c2745d9.rna_seq.augmented_star_gene_counts.tsv,Tumor,1,TCGA-55-8203,I,I/II,LIVING,547.0,0,69,FEMALE,,,
f1eb1ef7-fe25-4dd8-abed-9d9c298d72fb.rna_seq.augmented_star_gene_counts.tsv,Tumor,1,TCGA-49-AAR4,III,III/IV,DECEASED,879.0,1,51,MALE,,,
f21b5258-2e93-4fe0-bd98-9eb1216e824b.rna_seq.augmented_star_gene_counts.tsv,Tumor,1,TCGA-35-4122,I,I/II,LIVING,225.0,0,69,MALE,,,
f30ea4c5-0110-403e-b171-2ea1e35c1ea0.rna_seq.augmented_star_gene_counts.tsv,Tumor,1,TCGA-05-4417,I,I/II,LIVING,455.0,0,51,FEMALE,p.G12C,none,p.H168R
f3b31315-692c-4040-9f89-1a9988ed2fbc.rna_seq.augmented_star_gene_counts.tsv,Tumor,1,TCGA-05-4389,I,I/II,LIVING,1369.0,0,70,MALE,none,none,none
f3bf4152-5e1d-42d2-920e-9dfbe2e0dbc5.rna_seq.augmented_star_gene_counts.tsv,Tumor,2,TCGA-44-4112,I,I/II,DECEASED,808.0,1,60,FEMALE,none,none,none
f3d482bb-14e8-4569-bee4-22d7d2a027ea.rna_seq.augmented_star_gene_counts.tsv,Tumor,2,TCGA-55-7725,I,I/II,LIVING,442.0,0,68,FEMALE,p.G12V,none,none
f3df8eaf-1fd2-4e08-ad48-ce5aa1d64e19.rna_seq.augmented_star_gene_counts.tsv,Tumor,1,TCGA-95-A4VP,III,III/IV,LIVING,605.0,0,66,FEMALE,,,
f48a9d85-c3c7-40bc-9215-760ba3b8fa60.rna_seq.augmented_star_gene_counts.tsv,Tumor,3,TCGA-38-4631,I,I/II,DECEASED,354.0,1,72,FEMALE,none,none,none
f4a76e18-60fa-4ef2-91ef-e2d7a1d11c8d.rna_seq.augmented_star_gene_counts.tsv,Normal,2,TCGA-38-4626,,,LIVING,3674.0,0,57,FEMALE,p.G12V,none,none
f57240f6-a5e4-4a9f-81d7-b59616d865dd.rna_seq.augmented_star_gene_counts.tsv,Tumor,1,TCGA-86-A4P7,I,I/II,LIVING,415.0,0,63,FEMALE,,,
f602ef77-0db5-47af-b259-e551c77a4281.rna_seq.augmented_star_gene_counts.tsv,Tumor,1,TCGA-44-7661,I,I/II,DECEASED,557.0,1,69,FEMALE,,,
f6108b9b-e02f-4608-bec3-bcc0112d05b4.rna_seq.augmented_star_gene_counts.tsv,Tumor,1,TCGA-49-AARO,I,I/II,LIVING,3759.0,0,39,FEMALE,,,
f6f15b7f-1af0-4da5-8ca5-a4b488d8f412.rna_seq.augmented_star_gene_counts.tsv,Tumor,1,TCGA-86-8074,II,I/II,LIVING,24.0,0,62,FEMALE,,,
f74d61fe-042f-4cfc-a32b-380389629951.rna_seq.augmented_star_gene_counts.tsv,Tumor,2,TCGA-55-A493,I,I/II,LIVING,28.0,0,54,FEMALE,,,
f77f77e1-073c-4f6a-bc48-1ba165ecc024.rna_seq.augmented_star_gene_counts.tsv,Tumor,1,TCGA-78-7154,III,III/IV,DECEASED,593.0,1,72,MALE,none,none,none
f7beaa9b-98ae-40bd-aadc-e69688499170.rna_seq.augmented_star_gene_counts.tsv,Tumor,2,TCGA-44-2665,II,I/II,LIVING,1301.0,0,55,FEMALE,none,none,none
f8a3b631-5140-45d0-8732-cb556d5f83b2.rna_seq.augmented_star_gene_counts.tsv,Tumor,1,TCGA-55-7910,II,I/II,LIVING,1040.0,0,50,FEMALE,,,
f8a748c2-91e5-49a2-9095-229476dc9ce5.rna_seq.augmented_star_gene_counts.tsv,Normal,2,TCGA-55-6969,I,I/II,LIVING,1239.0,0,52,MALE,,,
f8cc4515-2576-4a72-9cf1-28dfe774eda9.rna_seq.augmented_star_gene_counts.tsv,Tumor,1,TCGA-55-1595,I,I/II,LIVING,1479.0,0,74,FEMALE,,,
f99ac82f-4fe6-4a9a-9d49-67c42cf66208.rna_seq.augmented_star_gene_counts.tsv,Tumor,1,TCGA-78-7160,IV,III/IV,DECEASED,697.0,1,61,MALE,p.G12D,none,p.M51fs
fa7777c7-e04a-41db-9ade-0c875c62411f.rna_seq.augmented_star_gene_counts.tsv,Tumor,1,TCGA-55-6979,II,I/II,DECEASED,237.0,1,59,FEMALE,none,none,none
facd5609-e5f0-4993-bd84-049447d60d32.rna_seq.augmented_star_gene_counts.tsv,Tumor,1,TCGA-44-6778,I,I/II,LIVING,1864.0,0,59,MALE,,,
fb3e2838-b073-40c9-824f-3216f940a2c5.rna_seq.augmented_star_gene_counts.tsv,Tumor,1,TCGA-L4-A4E5,I,I/II,LIVING,578.0,0,48,FEMALE,,,
fb870a60-4b6d-4e83-b366-bdaaca72f205.rna_seq.augmented_star_gene_counts.tsv,Tumor,2,TCGA-78-7143,I,I/II,DECEASED,4961.0,1,62,FEMALE,none,none,none
fbb4d953-39c3-4e94-a99c-a8927421709e.rna_seq.augmented_star_gene_counts.tsv,Tumor,3,TCGA-50-6590,I,I/II,DECEASED,1288.0,1,72,FEMALE,,,
fbd81adc-aa56-4cde-b1f2-e749e2cbf653.rna_seq.augmented_star_gene_counts.tsv,Tumor,2,TCGA-NJ-A7XG,III,III/IV,LIVING,617.0,0,49,MALE,,,
fc4f0b8e-ced1-4543-a21d-3cbb2d269eb0.rna_seq.augmented_star_gene_counts.tsv,Tumor,2,TCGA-67-4679,,,LIVING,448.0,0,69,MALE,,,
fcb42a31-a716-430f-a0a1-001766fc62b5.rna_seq.augmented_star_gene_counts.tsv,Tumor,3,TCGA-50-5933,III,III/IV,DECEASED,2393.0,1,72,MALE,none,none,none
fcfff41c-378f-49e8-b416-ccd1b9d8b4b4.rna_seq.augmented_star_gene_counts.tsv,Tumor,1,TCGA-86-8672,II,I/II,DECEASED,19.0,1,59,MALE,,,
fd713184-4bb4-4e1b-a3b8-636273ee6ccc.rna_seq.augmented_star_gene_counts.tsv,Tumor,1,TCGA-44-6147,I,I/II,LIVING,845.0,0,67,FEMALE,none,"p.S768I, p.V769L",none
fdd9f9f1-8b02-4b83-a8f6-f28f968bdf54.rna_seq.augmented_star_gene_counts.tsv,Tumor,2,TCGA-55-7816,IV,III/IV,DECEASED,468.0,1,49,FEMALE,,,
fddbde25-7d5c-496f-8f62-985dbda7e0fe.rna_seq.augmented_star_gene_counts.tsv,Tumor,1,TCGA-97-A4M3,I,I/II,LIVING,540.0,0,69,FEMALE,,,
fe3a5a49-7744-4336-a4b6-0e88f23e21d8.rna_seq.augmented_star_gene_counts.tsv,Tumor,1,TCGA-50-5932,II,I/II,DECEASED,1235.0,1,75,MALE,p.G12C,none,p.N181Y
fe69fb9c-7215-478c-ae5c-44f5d0814b9d.rna_seq.augmented_star_gene_counts.tsv,Tumor,1,TCGA-J2-A4AD,I,I/II,DECEASED,550.0,1,61,FEMALE,,,
fe770b01-42c9-48c6-97f8-09f18a374350.rna_seq.augmented_star_gene_counts.tsv,Tumor,1,TCGA-44-A47B,I,I/II,LIVING,287.0,0,79,MALE,,,
fec056a5-e860-4b68-8fa0-39cb7ad78a62.rna_seq.augmented_star_gene_counts.tsv,Tumor,1,TCGA-62-8395,II,I/II,LIVING,1216.0,0,80,FEMALE,,,
fec7a02d-1d67-412d-9d69-df7124864e7a.rna_seq.augmented_star_gene_counts.tsv,Tumor,1,TCGA-55-8507,I,I/II,LIVING,418.0,0,53,MALE,,,
ff298d6f-071c-417a-acbe-a9ff38494f87.rna_seq.augmented_star_gene_counts.tsv,Tumor,1,TCGA-55-7573,I,I/II,LIVING,487.0,0,72,FEMALE,none,"p.K754E, p.ELR746del",none
ff36264d-8485-46e6-8259-0b55f651ed8f.rna_seq.augmented_star_gene_counts.tsv,Tumor,1,TCGA-91-8497,I,I/II,DECEASED,434.0,1,75,FEMALE,,,
